,ecoregion,year,fraction
0,0,1984,0
1,1,1984,0.0
2,2,1984,0
3,3,1984,0.0011060891614504307
4,4,1984,0.0006028189456774939
5,5,1984,0.00035399090965008387
6,6,1984,0
7,7,1984,0.0
8,8,1984,0
9,9,1984,0
10,10,1984,4.124164522774446e-05
11,11,1984,0.0
12,12,1984,0
13,13,1984,0
14,14,1984,0
15,15,1984,0.0003451385230966879
16,16,1984,0.0
17,17,1984,2.0814754689768443e-05
18,18,1984,3.48664035993398e-05
19,19,1984,0
20,20,1984,0
21,21,1984,0.001458812481029914
22,22,1984,0
23,23,1984,1.722778241150579e-05
24,24,1984,0
25,25,1984,0
26,26,1984,0.00017546161692279501
27,27,1984,0.0
28,28,1984,0.0
29,29,1984,0
30,30,1984,0
31,31,1984,0
32,32,1984,0
33,33,1984,0
34,34,1984,0.00040020632597764376
35,35,1984,0.00223648321601617
36,36,1984,0
37,37,1984,0.00037245657852908614
38,38,1984,0
39,39,1984,0.0
40,40,1984,0
41,41,1984,0.0011249581593620588
42,42,1984,0
43,43,1984,0
44,44,1984,0
45,45,1984,2.061034815889375e-05
46,46,1984,0
47,47,1984,0
48,48,1984,0.0
49,49,1984,0.00040816895353160376
50,50,1984,0
51,51,1984,0
52,52,1984,0
53,53,1984,0.0
54,54,1984,0.0
55,55,1984,0
56,56,1984,1.465502880598575e-05
57,57,1984,0
58,58,1984,0
59,59,1984,0
60,60,1984,0
61,61,1984,0
62,62,1984,0.0
63,63,1984,6.867995307993622e-06
64,64,1984,0
65,65,1984,0.0007356281440142965
66,66,1984,0
67,67,1984,0
68,68,1984,4.058343282632737e-05
69,69,1984,0
70,70,1984,0
71,71,1984,1.4671837931853224e-05
72,72,1984,0.001953807980292391
73,73,1984,0.001239188493993204
74,74,1984,0.0
75,75,1984,0
76,76,1984,0
77,77,1984,0
78,78,1984,0
79,79,1984,0
80,80,1984,0.0
81,81,1984,0
82,82,1984,0
83,83,1984,3.513553852171427e-05
84,84,1984,5.994701361254577e-06
85,85,1984,0
86,86,1984,0.0
87,87,1984,0
88,88,1984,0
89,89,1984,0
90,90,1984,0.0
91,91,1984,0.0
92,92,1984,0
93,93,1984,0.00013568551763347634
94,94,1984,6.931927608387867e-06
95,0,1985,0.000651916374319931
96,1,1985,0.0001380088976956108
97,2,1985,0.0
98,3,1985,0.0003893583908729229
99,4,1985,4.501435423118697e-06
100,5,1985,0.00032708364925203477
101,6,1985,0
102,7,1985,0.0
103,8,1985,5.2700640747269235e-05
104,9,1985,0
105,10,1985,0.00041053724841020434
106,11,1985,0.0
107,12,1985,0
108,13,1985,0
109,14,1985,0
110,15,1985,0.0004669504347146446
111,16,1985,0.0
112,17,1985,0.00027076095986257515
113,18,1985,0.0022525660570506503
114,19,1985,0
115,20,1985,0
116,21,1985,0.0054895584172619276
117,22,1985,0
118,23,1985,0.00015904129668190591
119,24,1985,0
120,25,1985,0
121,26,1985,0.0037625412597072075
122,27,1985,0
123,28,1985,0.0
124,29,1985,0
125,30,1985,0
126,31,1985,0
127,32,1985,3.311582153139362e-05
128,33,1985,0
129,34,1985,0.002025735457498762
130,35,1985,0.0008089738928707803
131,36,1985,0.00014748009220910016
132,37,1985,6.78185881649678e-05
133,38,1985,0
134,39,1985,0.00022138075158195777
135,40,1985,0
136,41,1985,0.005612731746563546
137,42,1985,0
138,43,1985,0.00035910077609572306
139,44,1985,0
140,45,1985,0.0012886284586786122
141,46,1985,0
142,47,1985,0
143,48,1985,0.0
144,49,1985,0.014540607902430063
145,50,1985,0.0
146,51,1985,0
147,52,1985,0
148,53,1985,0
149,54,1985,0.0
150,55,1985,0
151,56,1985,0.00042032859096546876
152,57,1985,0
153,58,1985,0
154,59,1985,0
155,60,1985,0
156,61,1985,2.5091933296975633e-05
157,62,1985,0
158,63,1985,4.3949125406785896e-07
159,64,1985,0.0
160,65,1985,0.00014568774401513957
161,66,1985,0
162,67,1985,0
163,68,1985,2.0667283361078605e-08
164,69,1985,0
165,70,1985,0.0
166,71,1985,0
167,72,1985,0.007481845487542775
168,73,1985,0.009192042297893867
169,74,1985,0
170,75,1985,0.0
171,76,1985,0
172,77,1985,4.096143202483805e-05
173,78,1985,0
174,79,1985,0
175,80,1985,0
176,81,1985,2.8003781861825323e-05
177,82,1985,0
178,83,1985,0.00023418373126088003
179,84,1985,0.0007771889380389445
180,85,1985,0
181,86,1985,0
182,87,1985,0.00011883151936634553
183,88,1985,0
184,89,1985,0
185,90,1985,3.149652302747285e-05
186,91,1985,3.871949528705506e-05
187,92,1985,0
188,93,1985,0.0007919584638540295
189,94,1985,0.0
190,0,1986,0
191,1,1986,4.924038511931335e-05
192,2,1986,0
193,3,1986,0
194,4,1986,5.881719735984056e-06
195,5,1986,8.367199950593585e-05
196,6,1986,0
197,7,1986,0
198,8,1986,0
199,9,1986,0
200,10,1986,0.002129213485839504
201,11,1986,0
202,12,1986,0
203,13,1986,0
204,14,1986,0
205,15,1986,0.0
206,16,1986,0.0
207,17,1986,0.0
208,18,1986,0.002594890950413981
209,19,1986,0
210,20,1986,0
211,21,1986,0.0020868393418987186
212,22,1986,8.849168250614119e-05
213,23,1986,0.0
214,24,1986,0
215,25,1986,0
216,26,1986,0.0020795266526138015
217,27,1986,0
218,28,1986,0
219,29,1986,0
220,30,1986,0
221,31,1986,0
222,32,1986,0
223,33,1986,0
224,34,1986,0.00010043508792777321
225,35,1986,0.00020696550106091082
226,36,1986,8.01926642051444e-06
227,37,1986,0.0
228,38,1986,0
229,39,1986,9.909377299347182e-05
230,40,1986,0.0
231,41,1986,0.000399126368485016
232,42,1986,0.0
233,43,1986,0.0
234,44,1986,2.902732871610669e-05
235,45,1986,0.0004002390100660127
236,46,1986,0
237,47,1986,0
238,48,1986,0
239,49,1986,0.0011115620674023183
240,50,1986,0.0
241,51,1986,0
242,52,1986,0
243,53,1986,0.0
244,54,1986,1.7098568071033276e-08
245,55,1986,9.012903799238485e-05
246,56,1986,0.0021484017302637573
247,57,1986,0.00029771608955832035
248,58,1986,0
249,59,1986,0.0
250,60,1986,0.0
251,61,1986,9.287233884395184e-05
252,62,1986,0.0002084650811191995
253,63,1986,0.00015825385003929594
254,64,1986,1.8311751869118185e-05
255,65,1986,0.0005098370041354794
256,66,1986,0
257,67,1986,0
258,68,1986,1.716168549778041e-05
259,69,1986,0
260,70,1986,0
261,71,1986,4.6646885288124736e-05
262,72,1986,0.0006030086159593618
263,73,1986,0.0003001564646050194
264,74,1986,0.0
265,75,1986,0.0
266,76,1986,0.0
267,77,1986,0
268,78,1986,0
269,79,1986,0.0
270,80,1986,0.0
271,81,1986,5.8453442512232455e-05
272,82,1986,0
273,83,1986,3.766529033206014e-05
274,84,1986,0.0008569484236082772
275,85,1986,0
276,86,1986,0.0
277,87,1986,0
278,88,1986,0
279,89,1986,8.628525650062188e-05
280,90,1986,0.00014612241763113998
281,91,1986,8.85662451128975e-06
282,92,1986,0.0
283,93,1986,0.0
284,94,1986,0.0001484968838952395
285,0,1987,0
286,1,1987,0.00026376084784511056
287,2,1987,0
288,3,1987,4.725905762391271e-05
289,4,1987,0.0
290,5,1987,0.00015233449421016572
291,6,1987,0.00019314128761644246
292,7,1987,0.0
293,8,1987,0.00017781262569040187
294,9,1987,0.0009133079235505954
295,10,1987,9.65588881810168e-05
296,11,1987,0.0
297,12,1987,0.0
298,13,1987,0
299,14,1987,1.0808745993164845e-05
300,15,1987,0.0
301,16,1987,0.00020197944571519178
302,17,1987,0.00011737751933227029
303,18,1987,0.0019482282332298404
304,19,1987,0
305,20,1987,0
306,21,1987,0.00048217922288476084
307,22,1987,0
308,23,1987,0.012478404838285734
309,24,1987,0
310,25,1987,0
311,26,1987,0.0008669617653209942
312,27,1987,0.0
313,28,1987,0.0
314,29,1987,1.5650704796004447e-05
315,30,1987,0
316,31,1987,0
317,32,1987,0.00020224716003289784
318,33,1987,0
319,34,1987,0.00014165134428494034
320,35,1987,0.0013061581742393298
321,36,1987,9.696725285115945e-05
322,37,1987,0.0008661907998744772
323,38,1987,0
324,39,1987,0.0004325198161754801
325,40,1987,0
326,41,1987,0.0004503387177875803
327,42,1987,0
328,43,1987,0
329,44,1987,0
330,45,1987,0.0004776316368736843
331,46,1987,0
332,47,1987,0
333,48,1987,0.0
334,49,1987,2.989408160269309e-05
335,50,1987,0.0001911188659796958
336,51,1987,0
337,52,1987,0
338,53,1987,0.0
339,54,1987,0.0
340,55,1987,0
341,56,1987,0.0011663018483838233
342,57,1987,0
343,58,1987,0
344,59,1987,0.00023666981132279511
345,60,1987,0
346,61,1987,0
347,62,1987,0.0
348,63,1987,3.4502364444697e-05
349,64,1987,0.0013273962072692994
350,65,1987,0.0081227278770854
351,66,1987,0
352,67,1987,0
353,68,1987,0.00015381144441833659
354,69,1987,0
355,70,1987,0.0
356,71,1987,1.515861857652834e-05
357,72,1987,0.00021310589958069731
358,73,1987,0.002251891929227833
359,74,1987,0.0006051282417502451
360,75,1987,2.179200778420988e-05
361,76,1987,0.0
362,77,1987,4.9226555700353855e-05
363,78,1987,4.303935506425215e-06
364,79,1987,0.0009612861969353158
365,80,1987,0.0
366,81,1987,6.360239296843698e-05
367,82,1987,2.0447888007051273e-05
368,83,1987,0.0004777199034884106
369,84,1987,3.991623048318788e-05
370,85,1987,0.0
371,86,1987,0
372,87,1987,0.0002642334681706314
373,88,1987,0
374,89,1987,0
375,90,1987,0.0003458108099161802
376,91,1987,3.753256491480971e-05
377,92,1987,0
378,93,1987,6.499227155080542e-08
379,94,1987,4.774360840350377e-06
380,0,1988,0.0022253066645840707
381,1,1988,0.0012302123969770748
382,2,1988,0.0
383,3,1988,0.009729616819272969
384,4,1988,0.00032183920241021807
385,5,1988,4.7243090290588104e-05
386,6,1988,0
387,7,1988,0.00012024756825127731
388,8,1988,0.0
389,9,1988,0.0003024310890970165
390,10,1988,0.0006561919288305956
391,11,1988,0.0
392,12,1988,0.0
393,13,1988,0
394,14,1988,1.2469443978940879e-05
395,15,1988,0.004760919241417345
396,16,1988,0.0014286203583306883
397,17,1988,0.0006450441304985683
398,18,1988,0.006470975735141004
399,19,1988,0
400,20,1988,9.157550919062264e-06
401,21,1988,0.00019635234271727625
402,22,1988,0.0
403,23,1988,0.0007439601063639982
404,24,1988,0.0
405,25,1988,0
406,26,1988,0.0005859724259199946
407,27,1988,0.041943942252437916
408,28,1988,0.0009620892413795386
409,29,1988,0
410,30,1988,0.0
411,31,1988,0
412,32,1988,8.022138863668845e-05
413,33,1988,0
414,34,1988,0.001006526112652359
415,35,1988,0.0018397312106499856
416,36,1988,0.0003936166711322315
417,37,1988,0.0002588669964797887
418,38,1988,0
419,39,1988,0.007235363232478678
420,40,1988,0
421,41,1988,0.00014930101603234888
422,42,1988,0
423,43,1988,9.186629244022701e-06
424,44,1988,4.525584876853717e-05
425,45,1988,0.0001655187955745617
426,46,1988,0
427,47,1988,0
428,48,1988,7.491190704385025e-06
429,49,1988,7.931700217514398e-05
430,50,1988,8.235960679095674e-05
431,51,1988,0
432,52,1988,0
433,53,1988,0.0
434,54,1988,3.838320725340874e-05
435,55,1988,0.00013778941011434695
436,56,1988,0.000506154467767014
437,57,1988,0.00013958269108729795
438,58,1988,0
439,59,1988,0.0
440,60,1988,0
441,61,1988,0.0
442,62,1988,6.289220583412505e-05
443,63,1988,4.723746645885897e-05
444,64,1988,2.8435580225182145e-05
445,65,1988,0.001409240631592168
446,66,1988,0
447,67,1988,0
448,68,1988,0.00019796598133601544
449,69,1988,3.5988546907726695e-05
450,70,1988,0.0
451,71,1988,0.00010864019064151293
452,72,1988,0.0007477117514413261
453,73,1988,0.0013669333945419547
454,74,1988,0.00037536820571342123
455,75,1988,6.238771551352414e-07
456,76,1988,0
457,77,1988,0.00011655292231563861
458,78,1988,9.836716256305975e-06
459,79,1988,2.372996508271876e-05
460,80,1988,0.0
461,81,1988,4.6657696487594904e-05
462,82,1988,0
463,83,1988,5.6972009457365666e-05
464,84,1988,1.711425284131265e-05
465,85,1988,0
466,86,1988,0
467,87,1988,0.0
468,88,1988,0
469,89,1988,0
470,90,1988,0.00020365215098722288
471,91,1988,0.0
472,92,1988,0
473,93,1988,6.238148094248939e-05
474,94,1988,0
475,0,1989,0.0
476,1,1989,0.0
477,2,1989,0
478,3,1989,0
479,4,1989,0.0
480,5,1989,0.00014936140683904117
481,6,1989,0
482,7,1989,0
483,8,1989,0
484,9,1989,0
485,10,1989,0.0026720604601777605
486,11,1989,9.096525728180154e-05
487,12,1989,0
488,13,1989,0
489,14,1989,0
490,15,1989,0.0
491,16,1989,0
492,17,1989,0.00023836258573133002
493,18,1989,0.0033184406443488527
494,19,1989,0
495,20,1989,0
496,21,1989,7.09210183225076e-05
497,22,1989,0
498,23,1989,0.00016120039205906687
499,24,1989,0
500,25,1989,0
501,26,1989,0.0005658856613742092
502,27,1989,3.962625746936004e-05
503,28,1989,0.0
504,29,1989,0
505,30,1989,0
506,31,1989,0
507,32,1989,0
508,33,1989,0
509,34,1989,0.0002993510931916802
510,35,1989,0.0006906267043485068
511,36,1989,0.0
512,37,1989,0
513,38,1989,0
514,39,1989,0.0003703831206712472
515,40,1989,0
516,41,1989,8.977257655019602e-05
517,42,1989,0
518,43,1989,0.0
519,44,1989,0
520,45,1989,0.00025856196062424224
521,46,1989,0
522,47,1989,0
523,48,1989,7.495001700596377e-06
524,49,1989,0.0005086827821519051
525,50,1989,5.120641049220536e-05
526,51,1989,0
527,52,1989,0
528,53,1989,0.0
529,54,1989,0.0017250520153464883
530,55,1989,4.689700800111041e-05
531,56,1989,0.0001314246023265147
532,57,1989,7.309577655495268e-05
533,58,1989,0.0
534,59,1989,0
535,60,1989,0
536,61,1989,0.00010692868438860299
537,62,1989,0.00030219062695454295
538,63,1989,7.847983808149756e-05
539,64,1989,0
540,65,1989,0.000714658859994768
541,66,1989,0
542,67,1989,0
543,68,1989,6.148741907211286e-05
544,69,1989,1.72784070784204e-05
545,70,1989,0
546,71,1989,2.9106679824910872e-05
547,72,1989,0.0007358443800849154
548,73,1989,0.005303808419177113
549,74,1989,0.0002851623814424879
550,75,1989,0.0
551,76,1989,0
552,77,1989,0.0005108738200881071
553,78,1989,0.00027612920905164943
554,79,1989,0
555,80,1989,0
556,81,1989,0
557,82,1989,0.0001897735628950296
558,83,1989,0.0008029664070445486
559,84,1989,0.0002104137626494118
560,85,1989,0.0
561,86,1989,0.0
562,87,1989,0
563,88,1989,0.0
564,89,1989,0
565,90,1989,0.0008643977411356939
566,91,1989,1.0375814589184871e-05
567,92,1989,0
568,93,1989,0.0
569,94,1989,0.00021020521021875027
570,0,1990,0
571,1,1990,4.323671179938888e-05
572,2,1990,0
573,3,1990,0
574,4,1990,4.8814289468233634e-05
575,5,1990,0.0001691953565552717
576,6,1990,0
577,7,1990,0
578,8,1990,0.0
579,9,1990,0
580,10,1990,0.0033399929731288097
581,11,1990,0.0
582,12,1990,0
583,13,1990,0
584,14,1990,0
585,15,1990,0.00045637327787702504
586,16,1990,0.00046765434807218345
587,17,1990,0.000117790050758219
588,18,1990,0.0003247753388048711
589,19,1990,0
590,20,1990,0
591,21,1990,4.212225437277226e-05
592,22,1990,0
593,23,1990,0.0004557044625366529
594,24,1990,0
595,25,1990,0
596,26,1990,0.0015082526679227823
597,27,1990,0.00010718522250246071
598,28,1990,0.0006160871926937819
599,29,1990,0
600,30,1990,0
601,31,1990,0
602,32,1990,0.00025522351883091124
603,33,1990,0
604,34,1990,5.7536304034538586e-05
605,35,1990,0.006773008902826672
606,36,1990,0.0
607,37,1990,0.0022964709256364933
608,38,1990,0
609,39,1990,0.0
610,40,1990,0
611,41,1990,0.00015736286353954692
612,42,1990,0
613,43,1990,0.0
614,44,1990,0
615,45,1990,0.0
616,46,1990,0
617,47,1990,0
618,48,1990,0.0
619,49,1990,0.0
620,50,1990,0.0
621,51,1990,0
622,52,1990,0
623,53,1990,0.0
624,54,1990,0.00019617915052790613
625,55,1990,0
626,56,1990,0.000304129348531873
627,57,1990,0.0
628,58,1990,0
629,59,1990,0
630,60,1990,0
631,61,1990,8.284354063086691e-06
632,62,1990,0.0001759833346368362
633,63,1990,2.136174550490101e-05
634,64,1990,0
635,65,1990,0.002670951350524429
636,66,1990,0
637,67,1990,0
638,68,1990,0.0
639,69,1990,2.8552831107815317e-05
640,70,1990,0
641,71,1990,2.428794641502592e-07
642,72,1990,0.0008183006917183489
643,73,1990,0.0009557200231901914
644,74,1990,8.938124935867954e-05
645,75,1990,0.0
646,76,1990,0.0
647,77,1990,0.00015563524849674908
648,78,1990,7.405275286625916e-05
649,79,1990,0
650,80,1990,0
651,81,1990,0
652,82,1990,0
653,83,1990,0.0016616971995484743
654,84,1990,1.5405268109040458e-05
655,85,1990,0
656,86,1990,0
657,87,1990,0
658,88,1990,0
659,89,1990,0
660,90,1990,0.00010440493788009674
661,91,1990,1.2077769134229677e-05
662,92,1990,0
663,93,1990,0
664,94,1990,4.695122068430921e-06
665,0,1991,0.00047622910170866937
666,1,1991,0.00021349251907599017
667,2,1991,0
668,3,1991,0.0006285001714186675
669,4,1991,0.0007311792867472522
670,5,1991,6.919090101553416e-05
671,6,1991,0.0
672,7,1991,0.00010079192724929211
673,8,1991,0.0
674,9,1991,0
675,10,1991,0.00011427581366358083
676,11,1991,0.0
677,12,1991,0
678,13,1991,0
679,14,1991,0.0
680,15,1991,0.00028719281568250155
681,16,1991,0.0
682,17,1991,0.00015363299189828165
683,18,1991,0.0003536835866296158
684,19,1991,0
685,20,1991,0
686,21,1991,0.0001434219603205166
687,22,1991,0
688,23,1991,0.0002059906804842487
689,24,1991,3.17971209844406e-05
690,25,1991,0
691,26,1991,0.000717567007732206
692,27,1991,0.0002686867720719909
693,28,1991,0.0
694,29,1991,0
695,30,1991,0.0
696,31,1991,0
697,32,1991,0
698,33,1991,0
699,34,1991,0.0
700,35,1991,0.0004579024605913283
701,36,1991,0.0
702,37,1991,0.00022673462305116153
703,38,1991,0
704,39,1991,0.0001599615208067089
705,40,1991,0
706,41,1991,9.512356141200422e-05
707,42,1991,0
708,43,1991,0.0
709,44,1991,0
710,45,1991,1.214747844742132e-05
711,46,1991,0
712,47,1991,0
713,48,1991,0.0
714,49,1991,8.77212005561644e-05
715,50,1991,0
716,51,1991,0
717,52,1991,0
718,53,1991,0.0
719,54,1991,0
720,55,1991,0
721,56,1991,1.6138331768203053e-05
722,57,1991,3.377846206489986e-05
723,58,1991,0
724,59,1991,1.3563438499464451e-06
725,60,1991,0
726,61,1991,9.01066080773299e-05
727,62,1991,0
728,63,1991,0.0
729,64,1991,0.00023072368749517917
730,65,1991,0.0001426676970542843
731,66,1991,0
732,67,1991,0
733,68,1991,0.0
734,69,1991,0.0
735,70,1991,0.0
736,71,1991,6.968759738004875e-05
737,72,1991,0.0
738,73,1991,0.0003309216820127754
739,74,1991,1.8676087127537185e-06
740,75,1991,0.0
741,76,1991,0.0
742,77,1991,8.290335084655878e-06
743,78,1991,5.311867925750517e-05
744,79,1991,4.095730339240527e-05
745,80,1991,0
746,81,1991,1.706067295685234e-05
747,82,1991,0.0
748,83,1991,7.068118956302262e-05
749,84,1991,7.366069614503648e-05
750,85,1991,0.0014916869082791358
751,86,1991,7.322789334929324e-05
752,87,1991,0
753,88,1991,0
754,89,1991,0
755,90,1991,6.936131668876033e-05
756,91,1991,8.79294296836212e-06
757,92,1991,0
758,93,1991,0.0
759,94,1991,3.586888538212703e-06
760,0,1992,0.000320955770459521
761,1,1992,0.0
762,2,1992,0
763,3,1992,0
764,4,1992,3.008540214734263e-06
765,5,1992,0.0002968606329452483
766,6,1992,0
767,7,1992,0
768,8,1992,0.0
769,9,1992,0.0
770,10,1992,0.0002421941321390582
771,11,1992,0
772,12,1992,0
773,13,1992,0
774,14,1992,0.0
775,15,1992,0.0
776,16,1992,0.002511916436373638
777,17,1992,8.668009274037433e-05
778,18,1992,0.005732578968226594
779,19,1992,0
780,20,1992,0.0005639860674681269
781,21,1992,0.0002552356315956256
782,22,1992,0
783,23,1992,0.003151098081151218
784,24,1992,0
785,25,1992,0
786,26,1992,0.0011145862612227182
787,27,1992,0
788,28,1992,0.0
789,29,1992,0
790,30,1992,0
791,31,1992,0
792,32,1992,0
793,33,1992,0
794,34,1992,0.0002201851272413429
795,35,1992,0.001746955436759657
796,36,1992,4.397900279125506e-05
797,37,1992,0.000935295695409256
798,38,1992,0
799,39,1992,0.00013689602468433274
800,40,1992,0
801,41,1992,8.702557647986107e-05
802,42,1992,0
803,43,1992,0.0
804,44,1992,0
805,45,1992,0.00014674140603460704
806,46,1992,0
807,47,1992,0
808,48,1992,0
809,49,1992,0.000762933291662974
810,50,1992,0
811,51,1992,0
812,52,1992,0
813,53,1992,0.0
814,54,1992,0.0
815,55,1992,0.0
816,56,1992,0.00014834191377654363
817,57,1992,0
818,58,1992,0.0
819,59,1992,0
820,60,1992,0
821,61,1992,0.00012962242031573472
822,62,1992,0
823,63,1992,0.0
824,64,1992,0
825,65,1992,0.002544329576782808
826,66,1992,0
827,67,1992,0
828,68,1992,5.1820010417238065e-05
829,69,1992,0
830,70,1992,0
831,71,1992,0.00012041962105580235
832,72,1992,0.0
833,73,1992,0.0006913721850254958
834,74,1992,0.0
835,75,1992,0.0
836,76,1992,0
837,77,1992,0.0003036452007677166
838,78,1992,1.9054137741847053e-05
839,79,1992,0
840,80,1992,0
841,81,1992,0
842,82,1992,0.00019354264919814207
843,83,1992,0.0001102637834796315
844,84,1992,4.071165108240196e-05
845,85,1992,2.118875246444044e-06
846,86,1992,0.0
847,87,1992,0
848,88,1992,0.0
849,89,1992,0
850,90,1992,2.9934460733930332e-05
851,91,1992,9.731742146016054e-06
852,92,1992,0
853,93,1992,5.926363615040657e-06
854,94,1992,2.5208630543194435e-06
855,0,1993,0
856,1,1993,0.0
857,2,1993,0
858,3,1993,0
859,4,1993,0
860,5,1993,8.334709547377708e-05
861,6,1993,0
862,7,1993,0
863,8,1993,0
864,9,1993,0
865,10,1993,1.3155926855516694e-05
866,11,1993,0
867,12,1993,0
868,13,1993,0
869,14,1993,0
870,15,1993,0
871,16,1993,0.0
872,17,1993,0.0
873,18,1993,0
874,19,1993,0
875,20,1993,0
876,21,1993,8.714878139752901e-05
877,22,1993,0
878,23,1993,0
879,24,1993,0
880,25,1993,0
881,26,1993,6.786677906476036e-06
882,27,1993,0
883,28,1993,0
884,29,1993,0
885,30,1993,0
886,31,1993,0
887,32,1993,0
888,33,1993,0
889,34,1993,0.00023655395965029998
890,35,1993,0.0
891,36,1993,0.0003362041805535253
892,37,1993,0
893,38,1993,0
894,39,1993,0.0
895,40,1993,0
896,41,1993,2.0206380932330312e-06
897,42,1993,0
898,43,1993,0
899,44,1993,0
900,45,1993,0.00025979484463678276
901,46,1993,0
902,47,1993,0
903,48,1993,0.0
904,49,1993,0.0
905,50,1993,0.0
906,51,1993,0
907,52,1993,0
908,53,1993,0
909,54,1993,4.4578216334217303e-05
910,55,1993,0.0
911,56,1993,0.00014342693370388048
912,57,1993,0
913,58,1993,0
914,59,1993,0
915,60,1993,0
916,61,1993,0.0
917,62,1993,0.0
918,63,1993,3.582332379344006e-05
919,64,1993,0
920,65,1993,3.96756546514643e-05
921,66,1993,0
922,67,1993,0
923,68,1993,0.0005086394891059616
924,69,1993,0.00011011749110742562
925,70,1993,0
926,71,1993,0
927,72,1993,0.008350449460946251
928,73,1993,0.006189244647754805
929,74,1993,0.0003555866362700052
930,75,1993,0.0
931,76,1993,1.4477587437371e-06
932,77,1993,0.0003079902132965516
933,78,1993,0.00014928518223184946
934,79,1993,0
935,80,1993,0.0
936,81,1993,1.9274968868566327e-05
937,82,1993,0
938,83,1993,0.0007022752719129878
939,84,1993,2.104069719258305e-05
940,85,1993,0
941,86,1993,7.579260143211338e-05
942,87,1993,7.5274671419368655e-06
943,88,1993,0
944,89,1993,0.0
945,90,1993,0.0011876736764251004
946,91,1993,1.3350060872945203e-05
947,92,1993,0.00017669786200314588
948,93,1993,3.687100829380164e-05
949,94,1993,0
950,0,1994,0.0007268147221442123
951,1,1994,0.004743017861833562
952,2,1994,0.0
953,3,1994,0.0034367059987043375
954,4,1994,6.512766543942026e-05
955,5,1994,0.0008601136665592283
956,6,1994,0
957,7,1994,0.00038523594180431595
958,8,1994,0.0
959,9,1994,0
960,10,1994,0.002028994073904083
961,11,1994,0.0
962,12,1994,0
963,13,1994,0
964,14,1994,0
965,15,1994,9.899224370846448e-05
966,16,1994,0.001250291527813517
967,17,1994,0.00024007892151959063
968,18,1994,0.013261952035745499
969,19,1994,0
970,20,1994,0
971,21,1994,0.00040479710143296775
972,22,1994,0
973,23,1994,0.0013952188152062794
974,24,1994,0
975,25,1994,0
976,26,1994,0.0028478110658196297
977,27,1994,0.000716411866398529
978,28,1994,0.0
979,29,1994,0
980,30,1994,0
981,31,1994,0
982,32,1994,5.836054634298505e-06
983,33,1994,0
984,34,1994,0.0008648463331004878
985,35,1994,0.0018318678100586777
986,36,1994,0.0003731796902976838
987,37,1994,5.6776178925952816e-05
988,38,1994,0
989,39,1994,0.0003960571098038924
990,40,1994,0
991,41,1994,0.0007226412585868031
992,42,1994,0
993,43,1994,0.0
994,44,1994,0.0
995,45,1994,0.00035954689293900705
996,46,1994,0
997,47,1994,0
998,48,1994,2.2482382062272715e-06
999,49,1994,0.007182916078589984
1000,50,1994,0.0005007907676773928
1001,51,1994,0
1002,52,1994,0
1003,53,1994,0.0
1004,54,1994,0.00024492827970568873
1005,55,1994,5.9215772022169346e-05
1006,56,1994,0.0022883957453991187
1007,57,1994,5.663069765617125e-05
1008,58,1994,0
1009,59,1994,0.0
1010,60,1994,0
1011,61,1994,0.000611287567513438
1012,62,1994,0.0005343518256365394
1013,63,1994,0.0001889424587525015
1014,64,1994,2.7549773228075738e-05
1015,65,1994,0.0027943447791106872
1016,66,1994,0
1017,67,1994,0
1018,68,1994,0.0005452838273494365
1019,69,1994,0
1020,70,1994,0
1021,71,1994,1.255998562185863e-05
1022,72,1994,0.00023109206782559582
1023,73,1994,0.003911429032559244
1024,74,1994,0.0018241916609429895
1025,75,1994,0.0
1026,76,1994,0
1027,77,1994,0.0021523875407982967
1028,78,1994,0.00013564616736178866
1029,79,1994,1.636919401980071e-05
1030,80,1994,0
1031,81,1994,3.285084718625308e-05
1032,82,1994,1.1408287451046201e-05
1033,83,1994,0.0011155469228341555
1034,84,1994,3.4458193422548887e-05
1035,85,1994,0.0
1036,86,1994,6.217440715715584e-05
1037,87,1994,2.27745563288768e-05
1038,88,1994,0.0
1039,89,1994,0
1040,90,1994,0.0018824643862673828
1041,91,1994,6.009535367286138e-05
1042,92,1994,0
1043,93,1994,2.2177130083178844e-06
1044,94,1994,1.853744039694679e-05
1045,0,1995,0.0
1046,1,1995,3.272947651328572e-05
1047,2,1995,0
1048,3,1995,0
1049,4,1995,2.397357193874674e-05
1050,5,1995,2.0270448699375514e-06
1051,6,1995,0
1052,7,1995,0
1053,8,1995,0
1054,9,1995,0
1055,10,1995,1.765163256045874e-05
1056,11,1995,0
1057,12,1995,0
1058,13,1995,0
1059,14,1995,0.0
1060,15,1995,0.0
1061,16,1995,0.0
1062,17,1995,2.5348471270291124e-05
1063,18,1995,1.3529536318267554e-05
1064,19,1995,0
1065,20,1995,0.0008789921628706155
1066,21,1995,0.0007161053271715806
1067,22,1995,0
1068,23,1995,7.702132765017576e-05
1069,24,1995,0
1070,25,1995,0
1071,26,1995,0.003726595386567425
1072,27,1995,2.3129646272560327e-05
1073,28,1995,0.0003058980056725772
1074,29,1995,0
1075,30,1995,0
1076,31,1995,0
1077,32,1995,9.608645363952413e-06
1078,33,1995,0
1079,34,1995,0.00027954198075762584
1080,35,1995,0.0002552613396121546
1081,36,1995,0.0
1082,37,1995,0.0001569502963589297
1083,38,1995,0
1084,39,1995,0.0001162040640752645
1085,40,1995,0
1086,41,1995,0.0004220486838826677
1087,42,1995,0
1088,43,1995,0.0
1089,44,1995,0
1090,45,1995,0.0005288367955101609
1091,46,1995,0
1092,47,1995,0
1093,48,1995,0.0
1094,49,1995,5.680477523234134e-05
1095,50,1995,0.0
1096,51,1995,0
1097,52,1995,0
1098,53,1995,0.0
1099,54,1995,1.4638326858950145e-05
1100,55,1995,0
1101,56,1995,0.003428412715300897
1102,57,1995,2.248760707257723e-05
1103,58,1995,0.0
1104,59,1995,0.0
1105,60,1995,0
1106,61,1995,1.6365654658255767e-05
1107,62,1995,0.0003677430369828265
1108,63,1995,4.9130456044102755e-05
1109,64,1995,6.993166084862595e-05
1110,65,1995,0.00018728141773684362
1111,66,1995,0
1112,67,1995,0
1113,68,1995,0.0008117351910498082
1114,69,1995,0
1115,70,1995,0
1116,71,1995,0.00016839626920598158
1117,72,1995,0.000831697602486222
1118,73,1995,0.005064675133859299
1119,74,1995,0.0027605579300481555
1120,75,1995,6.277259198650168e-06
1121,76,1995,0.0
1122,77,1995,5.627378867201433e-05
1123,78,1995,2.065617346151967e-05
1124,79,1995,0
1125,80,1995,0.0
1126,81,1995,5.0682655224449445e-05
1127,82,1995,0.00030562948045523834
1128,83,1995,0.0018668964327472556
1129,84,1995,9.559990737961383e-06
1130,85,1995,0.0
1131,86,1995,0.0
1132,87,1995,5.980128162049528e-05
1133,88,1995,0.0
1134,89,1995,0
1135,90,1995,7.269509405744133e-05
1136,91,1995,2.798992172416154e-05
1137,92,1995,0
1138,93,1995,0.0
1139,94,1995,0.00012166608735208467
1140,0,1996,0.0005181487864079367
1141,1,1996,0.0010110904246339568
1142,2,1996,0
1143,3,1996,0
1144,4,1996,0.00020342755783814105
1145,5,1996,0.0002949389520848874
1146,6,1996,0.0
1147,7,1996,0
1148,8,1996,0.0
1149,9,1996,0
1150,10,1996,0.006170185402645952
1151,11,1996,0
1152,12,1996,0
1153,13,1996,0
1154,14,1996,0.0
1155,15,1996,0.00013438367669922375
1156,16,1996,0.002345267076192773
1157,17,1996,0.0011040226888307334
1158,18,1996,0.003149912279030075
1159,19,1996,0
1160,20,1996,0.0006742681161215758
1161,21,1996,0.003773756667557276
1162,22,1996,0
1163,23,1996,0.003377507487781481
1164,24,1996,0
1165,25,1996,0
1166,26,1996,0.007669916419745719
1167,27,1996,0.0033427692006551507
1168,28,1996,0.00044435138603240326
1169,29,1996,0
1170,30,1996,0
1171,31,1996,0
1172,32,1996,1.5274521113759813e-05
1173,33,1996,0
1174,34,1996,0.0031850416892830664
1175,35,1996,0.002691546196844461
1176,36,1996,0.00031364751056938035
1177,37,1996,0.0002569689001632925
1178,38,1996,0
1179,39,1996,0.0003425182172672995
1180,40,1996,0
1181,41,1996,0.0028228446357131828
1182,42,1996,0
1183,43,1996,0
1184,44,1996,0
1185,45,1996,0.0017692851104124776
1186,46,1996,0
1187,47,1996,0
1188,48,1996,6.039127399197014e-05
1189,49,1996,0.003549868457199071
1190,50,1996,0.00028014166248974923
1191,51,1996,0
1192,52,1996,0
1193,53,1996,7.446340485141501e-08
1194,54,1996,0.0016612832401570919
1195,55,1996,0.0006579742355912556
1196,56,1996,0.008131139497376698
1197,57,1996,0.00038631258658349205
1198,58,1996,0
1199,59,1996,0
1200,60,1996,0
1201,61,1996,2.1077924328601332e-05
1202,62,1996,0.0001159501950860547
1203,63,1996,0.0009955939041861722
1204,64,1996,0
1205,65,1996,0.0027039130624647526
1206,66,1996,0
1207,67,1996,0
1208,68,1996,0.00011208819381496707
1209,69,1996,0.0008397376590903894
1210,70,1996,2.2062315041056806e-06
1211,71,1996,0.0001077430002130253
1212,72,1996,0.0031961738943930636
1213,73,1996,0.005215285233310194
1214,74,1996,0.003204697781075098
1215,75,1996,0.0
1216,76,1996,4.784988207301513e-05
1217,77,1996,0.0007122659934112139
1218,78,1996,0.0005015014797905815
1219,79,1996,0
1220,80,1996,0.0
1221,81,1996,0
1222,82,1996,6.627749742174839e-05
1223,83,1996,0.001470599356682564
1224,84,1996,1.3745518036691002e-05
1225,85,1996,0.0008315800694163464
1226,86,1996,0.00020003994541018905
1227,87,1996,2.0977017282845948e-06
1228,88,1996,6.06110158735642e-05
1229,89,1996,0.0
1230,90,1996,0.00017467430911829407
1231,91,1996,0.0002409444017357701
1232,92,1996,0
1233,93,1996,0.00011267953418531974
1234,94,1996,0.0
1235,0,1997,4.183535351627442e-05
1236,1,1997,0.0
1237,2,1997,0
1238,3,1997,0
1239,4,1997,7.69296182537062e-06
1240,5,1997,0.00027804324060500804
1241,6,1997,0
1242,7,1997,0
1243,8,1997,0
1244,9,1997,0
1245,10,1997,1.548716212647473e-05
1246,11,1997,1.6847204124161777e-05
1247,12,1997,0
1248,13,1997,0
1249,14,1997,0
1250,15,1997,0
1251,16,1997,0
1252,17,1997,1.7554164124589318e-05
1253,18,1997,0.0002999299072902733
1254,19,1997,0
1255,20,1997,0
1256,21,1997,0.00043111869997778816
1257,22,1997,0
1258,23,1997,3.215794265860948e-05
1259,24,1997,0
1260,25,1997,0
1261,26,1997,0.0001307257078423885
1262,27,1997,6.784055076992685e-05
1263,28,1997,0
1264,29,1997,0
1265,30,1997,0
1266,31,1997,0
1267,32,1997,0
1268,33,1997,0
1269,34,1997,0.0008776406306541
1270,35,1997,0.0005897192854117378
1271,36,1997,2.4487699083200126e-05
1272,37,1997,0.0
1273,38,1997,0
1274,39,1997,8.75796842713892e-05
1275,40,1997,0
1276,41,1997,9.006383863750861e-05
1277,42,1997,0
1278,43,1997,0.0
1279,44,1997,0
1280,45,1997,0.00022084963642918695
1281,46,1997,0
1282,47,1997,0
1283,48,1997,0.0
1284,49,1997,3.0975599539428934e-05
1285,50,1997,1.2029966156352743e-05
1286,51,1997,0
1287,52,1997,0
1288,53,1997,0.0
1289,54,1997,0.00016257976321020466
1290,55,1997,0.0
1291,56,1997,7.737131444423462e-05
1292,57,1997,8.14980936706318e-05
1293,58,1997,0
1294,59,1997,0
1295,60,1997,0
1296,61,1997,4.1343373611874986e-05
1297,62,1997,0
1298,63,1997,0.0
1299,64,1997,0
1300,65,1997,0.0005342564476948642
1301,66,1997,0
1302,67,1997,0
1303,68,1997,2.958394559859151e-05
1304,69,1997,0.0
1305,70,1997,0.0
1306,71,1997,7.416517952890311e-06
1307,72,1997,0.000773168748398852
1308,73,1997,0.0033210256900573776
1309,74,1997,0.00010051744437527448
1310,75,1997,0.0
1311,76,1997,0
1312,77,1997,6.596757616942414e-05
1313,78,1997,9.771969469500893e-05
1314,79,1997,1.725134995748441e-05
1315,80,1997,0.0
1316,81,1997,0
1317,82,1997,0
1318,83,1997,0.00047027034542270846
1319,84,1997,0.0001467767461459093
1320,85,1997,0
1321,86,1997,0
1322,87,1997,0
1323,88,1997,0.0
1324,89,1997,1.2717786743040316e-05
1325,90,1997,6.908067678492587e-05
1326,91,1997,0.0001544493273837345
1327,92,1997,0
1328,93,1997,0.0
1329,94,1997,8.674990767128169e-05
1330,0,1998,0.0
1331,1,1998,0.0002928989417801585
1332,2,1998,0
1333,3,1998,0.0016168728600449399
1334,4,1998,6.0071206969923054e-05
1335,5,1998,0.00044457661891522687
1336,6,1998,0
1337,7,1998,0.00024646056828294744
1338,8,1998,0.0
1339,9,1998,0
1340,10,1998,0.00038610680532578343
1341,11,1998,7.232119997275236e-07
1342,12,1998,0
1343,13,1998,0
1344,14,1998,0
1345,15,1998,9.196681685715994e-05
1346,16,1998,0.0008265012138535606
1347,17,1998,5.037075679049009e-05
1348,18,1998,0.0012380967521094608
1349,19,1998,0
1350,20,1998,0
1351,21,1998,0.0006091244048515153
1352,22,1998,0
1353,23,1998,1.5829062272413423e-05
1354,24,1998,0
1355,25,1998,0
1356,26,1998,0.0019164566600490718
1357,27,1998,6.494075441488839e-05
1358,28,1998,7.99793952150249e-06
1359,29,1998,0
1360,30,1998,0
1361,31,1998,0
1362,32,1998,0.00010524119384367675
1363,33,1998,0
1364,34,1998,0.0006592677323809834
1365,35,1998,6.021644963454526e-05
1366,36,1998,1.737433805966661e-05
1367,37,1998,0.00021731723886152384
1368,38,1998,0
1369,39,1998,4.541547980074512e-05
1370,40,1998,0
1371,41,1998,0.00016919088074055717
1372,42,1998,0
1373,43,1998,0.0
1374,44,1998,0
1375,45,1998,0.00012472307679841727
1376,46,1998,0
1377,47,1998,0
1378,48,1998,5.175737110549574e-06
1379,49,1998,0.0
1380,50,1998,0.00025122299469304684
1381,51,1998,0
1382,52,1998,0
1383,53,1998,0.0
1384,54,1998,0.0
1385,55,1998,0.0
1386,56,1998,0.0007291437172181283
1387,57,1998,3.0916462730936135e-05
1388,58,1998,0
1389,59,1998,0.0
1390,60,1998,0
1391,61,1998,1.3008109556124977e-05
1392,62,1998,0
1393,63,1998,0.00011671163226985719
1394,64,1998,2.244405465304267e-06
1395,65,1998,0.00011886783782244923
1396,66,1998,0
1397,67,1998,0
1398,68,1998,8.841742510142656e-05
1399,69,1998,0.00016520865890525004
1400,70,1998,0
1401,71,1998,8.967504126137168e-06
1402,72,1998,0.0004380243302283177
1403,73,1998,0.0022729727683665564
1404,74,1998,0.002224539697477071
1405,75,1998,3.1943818982894774e-09
1406,76,1998,2.370640242067689e-05
1407,77,1998,0.00012403164128023926
1408,78,1998,0.00037512032560283305
1409,79,1998,0.0
1410,80,1998,0.0
1411,81,1998,4.551265056488295e-06
1412,82,1998,0.0
1413,83,1998,0.0003198415071245302
1414,84,1998,0.0011440411689147773
1415,85,1998,0.00019748579734522832
1416,86,1998,0
1417,87,1998,5.241186230702199e-05
1418,88,1998,4.6206333496061703e-05
1419,89,1998,1.125749033712683e-05
1420,90,1998,0.00010947470405590483
1421,91,1998,0.00011509133148288903
1422,92,1998,0
1423,93,1998,0.00021893602704169682
1424,94,1998,0.0
1425,0,1999,0.00010842310588185728
1426,1,1999,0.0
1427,2,1999,0
1428,3,1999,0.0003485701188256587
1429,4,1999,0.00022933838423723675
1430,5,1999,0.00013681781277774738
1431,6,1999,0
1432,7,1999,0.0
1433,8,1999,3.90084581817652e-05
1434,9,1999,0.0
1435,10,1999,0.0002811312807155934
1436,11,1999,0.0
1437,12,1999,0
1438,13,1999,0
1439,14,1999,0.0
1440,15,1999,7.019247914182399e-05
1441,16,1999,0.0004049280551368507
1442,17,1999,0.00026293802538431276
1443,18,1999,0.0005797553476048966
1444,19,1999,0
1445,20,1999,0
1446,21,1999,0.005320492615721391
1447,22,1999,0.00012000976599317412
1448,23,1999,0.003608025108827496
1449,24,1999,8.634028161901937e-05
1450,25,1999,0
1451,26,1999,0.005143596024949564
1452,27,1999,0.00013042501046884876
1453,28,1999,5.973223414102841e-06
1454,29,1999,0
1455,30,1999,0.0
1456,31,1999,0
1457,32,1999,2.9218397132480344e-05
1458,33,1999,0
1459,34,1999,0.001026431315868762
1460,35,1999,0.005116176367312331
1461,36,1999,0.00028864307395878364
1462,37,1999,0.0007596866498480495
1463,38,1999,0
1464,39,1999,0.00021565032963009087
1465,40,1999,0.0
1466,41,1999,0.005790968147358721
1467,42,1999,0
1468,43,1999,0.0
1469,44,1999,0
1470,45,1999,0.008056599374797361
1471,46,1999,0
1472,47,1999,0
1473,48,1999,1.0348205880781817e-06
1474,49,1999,0.012051344000686104
1475,50,1999,0.00012925706109259054
1476,51,1999,0
1477,52,1999,0
1478,53,1999,0.0
1479,54,1999,0.00042484747796036004
1480,55,1999,0.0
1481,56,1999,0.002211038232951116
1482,57,1999,2.167701339263366e-05
1483,58,1999,0
1484,59,1999,9.537683631870418e-06
1485,60,1999,0
1486,61,1999,0.0003880221753970129
1487,62,1999,0.0004826465339202808
1488,63,1999,0.0003365486792362066
1489,64,1999,0.0002908216516977461
1490,65,1999,0.0023319729306448145
1491,66,1999,0
1492,67,1999,0
1493,68,1999,0.00047810194115961306
1494,69,1999,0.0
1495,70,1999,1.7753801395146635e-05
1496,71,1999,8.595161530604839e-05
1497,72,1999,0.0008630601920902219
1498,73,1999,0.00815299799069266
1499,74,1999,0.0004329026548951482
1500,75,1999,1.7108844097139553e-06
1501,76,1999,0.0
1502,77,1999,0.0001543363042395424
1503,78,1999,2.936582581651825e-05
1504,79,1999,0.00036719738907470744
1505,80,1999,0.0
1506,81,1999,0.0004072748398377414
1507,82,1999,9.479399586648563e-06
1508,83,1999,0.0005615463006475025
1509,84,1999,0.00010656462793767079
1510,85,1999,0
1511,86,1999,0.0
1512,87,1999,4.5199638913351653e-05
1513,88,1999,5.9624513968258704e-05
1514,89,1999,0.0
1515,90,1999,0.0002678666639987416
1516,91,1999,0.00040594403741813737
1517,92,1999,2.0802393444770343e-05
1518,93,1999,2.5547376378636483e-05
1519,94,1999,0.0006274553857262436
1520,0,2000,0.0012757718490835307
1521,1,2000,0.0
1522,2,2000,0
1523,3,2000,0.002853075209618459
1524,4,2000,1.9857166377276332e-05
1525,5,2000,0.001377600816237075
1526,6,2000,0
1527,7,2000,0.003214612718730565
1528,8,2000,0
1529,9,2000,0.0
1530,10,2000,0.0016096100613864398
1531,11,2000,0.0
1532,12,2000,0.0
1533,13,2000,0
1534,14,2000,5.14344142674334e-05
1535,15,2000,0.010448454104312043
1536,16,2000,0.0001783377272767326
1537,17,2000,0.0018205975375183508
1538,18,2000,0.023187036377638318
1539,19,2000,0
1540,20,2000,0.00015512279267470278
1541,21,2000,0.0026997267641434555
1542,22,2000,0
1543,23,2000,0.0005927796147598201
1544,24,2000,0
1545,25,2000,0
1546,26,2000,0.005888902145203551
1547,27,2000,0.001999820117299202
1548,28,2000,0.0
1549,29,2000,0
1550,30,2000,0
1551,31,2000,0
1552,32,2000,0.00020505307170373677
1553,33,2000,0
1554,34,2000,0.0002558795199842209
1555,35,2000,0.001682696942721595
1556,36,2000,0.0017647512077351773
1557,37,2000,0.0
1558,38,2000,0
1559,39,2000,0.0018455358364034996
1560,40,2000,0
1561,41,2000,0.0020942673671046695
1562,42,2000,0
1563,43,2000,0.0
1564,44,2000,0
1565,45,2000,0.003745910090719408
1566,46,2000,0
1567,47,2000,0
1568,48,2000,6.102199824316765e-05
1569,49,2000,0.0011623318696924536
1570,50,2000,0.0016804655734833534
1571,51,2000,0
1572,52,2000,0
1573,53,2000,8.035449148456693e-06
1574,54,2000,0.0011598157319359134
1575,55,2000,0.0008126258203108993
1576,56,2000,0.0039386073369915685
1577,57,2000,1.5408835338934145e-05
1578,58,2000,0.0
1579,59,2000,0.0
1580,60,2000,0
1581,61,2000,3.2006265385286065e-05
1582,62,2000,0.0004890144555416811
1583,63,2000,0.0007231947778960635
1584,64,2000,4.549990974153222e-05
1585,65,2000,0.00477784132065778
1586,66,2000,7.273628694938528e-06
1587,67,2000,0
1588,68,2000,6.453299822819719e-05
1589,69,2000,0.0016764687056541555
1590,70,2000,3.1156660296085134e-07
1591,71,2000,0.00013500415848139653
1592,72,2000,0.0008893921439976948
1593,73,2000,0.0013569961154342566
1594,74,2000,0.000751520358363888
1595,75,2000,5.001042047677423e-06
1596,76,2000,9.964427593291992e-05
1597,77,2000,0.00046725744567232766
1598,78,2000,2.3644866939159078e-05
1599,79,2000,0.0001386897821029793
1600,80,2000,0.0
1601,81,2000,0.0007842303870156881
1602,82,2000,4.024253664017763e-05
1603,83,2000,0.0021680503435137317
1604,84,2000,0.0002801358391172829
1605,85,2000,0.0017060358284918156
1606,86,2000,7.045332221985849e-05
1607,87,2000,8.902141378527449e-05
1608,88,2000,0.00011381095580757601
1609,89,2000,0.0
1610,90,2000,0.0002290209624025844
1611,91,2000,0.0004911429039530184
1612,92,2000,6.806911307839478e-05
1613,93,2000,3.8768859538577736e-05
1614,94,2000,0.0009410035220037198
1615,0,2001,0.001543892397589908
1616,1,2001,0.002150701946867664
1617,2,2001,0.0
1618,3,2001,0.005122551969967576
1619,4,2001,3.1698066987128945e-05
1620,5,2001,0.0009823110939649216
1621,6,2001,0
1622,7,2001,0.0
1623,8,2001,0.0
1624,9,2001,0
1625,10,2001,0.0007156715787910905
1626,11,2001,0.0
1627,12,2001,0
1628,13,2001,0
1629,14,2001,0
1630,15,2001,0.0003199067815796119
1631,16,2001,0.00016253757133538434
1632,17,2001,0.0004169386565384051
1633,18,2001,0.0017647087944767167
1634,19,2001,0.0
1635,20,2001,0
1636,21,2001,0.00410849619419205
1637,22,2001,0
1638,23,2001,0.0011647594741660597
1639,24,2001,0
1640,25,2001,1.9545280862958938e-05
1641,26,2001,0.0026443509010210713
1642,27,2001,0.001833696156603291
1643,28,2001,0.0
1644,29,2001,0
1645,30,2001,0
1646,31,2001,0
1647,32,2001,0
1648,33,2001,0
1649,34,2001,0.00014257946294796213
1650,35,2001,0.002050942154727113
1651,36,2001,4.915995897085397e-05
1652,37,2001,0.006544904498331169
1653,38,2001,0
1654,39,2001,0.0008783440039407352
1655,40,2001,0
1656,41,2001,0.003165705311445904
1657,42,2001,0
1658,43,2001,0.0
1659,44,2001,0
1660,45,2001,0.00037531798814993315
1661,46,2001,0
1662,47,2001,0
1663,48,2001,0.0
1664,49,2001,0.0
1665,50,2001,3.295073513919037e-05
1666,51,2001,0
1667,52,2001,0
1668,53,2001,0.0
1669,54,2001,0.0007188457518969953
1670,55,2001,0.00010108877410172382
1671,56,2001,0.0005815744528352147
1672,57,2001,0.0
1673,58,2001,0
1674,59,2001,9.160875000766852e-06
1675,60,2001,0
1676,61,2001,0.00010312789914551118
1677,62,2001,1.909601114149887e-05
1678,63,2001,6.217291548625168e-05
1679,64,2001,0.00025170808022237064
1680,65,2001,0.00353331484421662
1681,66,2001,0
1682,67,2001,0
1683,68,2001,0.0
1684,69,2001,0.00014940567041443252
1685,70,2001,0.0
1686,71,2001,6.900651313982347e-07
1687,72,2001,1.0080505241495717e-05
1688,73,2001,0.001295678219785102
1689,74,2001,0.0011953860523751557
1690,75,2001,3.2799320934128383e-06
1691,76,2001,0.0
1692,77,2001,0.00022125066000947306
1693,78,2001,0.0001495015752651168
1694,79,2001,0.000560418394483986
1695,80,2001,0.0
1696,81,2001,0.0001234126084790965
1697,82,2001,8.352637381864822e-05
1698,83,2001,0.0002947985226156841
1699,84,2001,0.00022129574279585083
1700,85,2001,0.0
1701,86,2001,0.0
1702,87,2001,1.2767495559910685e-05
1703,88,2001,0.0
1704,89,2001,0
1705,90,2001,0.0002401398728140568
1706,91,2001,0.0001009981785302809
1707,92,2001,1.566618336331037e-05
1708,93,2001,0.0
1709,94,2001,2.437255591622216e-05
1710,0,2002,0
1711,1,2002,0.0034442086838909155
1712,2,2002,0
1713,3,2002,0.00041781012540487096
1714,4,2002,0.0003064716008509726
1715,5,2002,0.00019088101471871372
1716,6,2002,0.0
1717,7,2002,0
1718,8,2002,0.0
1719,9,2002,0
1720,10,2002,0.0022553827399459966
1721,11,2002,0.0
1722,12,2002,0
1723,13,2002,0
1724,14,2002,0.0
1725,15,2002,3.6610485999286954e-05
1726,16,2002,0.009272387747075464
1727,17,2002,0.0006707161701628318
1728,18,2002,0.0003257485001393464
1729,19,2002,0
1730,20,2002,3.4065422032462715e-05
1731,21,2002,0.00019841156923234413
1732,22,2002,0
1733,23,2002,0.01658898243463348
1734,24,2002,0
1735,25,2002,0
1736,26,2002,0.002058050880215356
1737,27,2002,0.000629763542293715
1738,28,2002,0.0
1739,29,2002,0
1740,30,2002,0
1741,31,2002,0
1742,32,2002,0
1743,33,2002,0
1744,34,2002,0.0002791421736285281
1745,35,2002,0.00016777219938090974
1746,36,2002,9.752903041435897e-05
1747,37,2002,0.002622835985070989
1748,38,2002,0
1749,39,2002,0.002683941796397513
1750,40,2002,0
1751,41,2002,0.0008769856866201016
1752,42,2002,0
1753,43,2002,0.0
1754,44,2002,0
1755,45,2002,0.0004490168637041932
1756,46,2002,0
1757,47,2002,0
1758,48,2002,2.792774301979103e-05
1759,49,2002,0.0007185865986002295
1760,50,2002,0.005351598361750042
1761,51,2002,0
1762,52,2002,0
1763,53,2002,0.0
1764,54,2002,0.009573432771578051
1765,55,2002,0.008800265251998826
1766,56,2002,0.00020418492172916695
1767,57,2002,5.7334442939733466e-05
1768,58,2002,7.623843733183123e-05
1769,59,2002,0.0
1770,60,2002,0
1771,61,2002,5.972966550204931e-05
1772,62,2002,0.002426778002883628
1773,63,2002,0.00020621654816126286
1774,64,2002,2.0542074109666407e-07
1775,65,2002,0.00693880360310136
1776,66,2002,0
1777,67,2002,0
1778,68,2002,8.760702261990763e-05
1779,69,2002,0.007913323857151728
1780,70,2002,0.0
1781,71,2002,5.4923975432172896e-05
1782,72,2002,0.0012182949970488577
1783,73,2002,0.01161682424661077
1784,74,2002,0.003417784981268256
1785,75,2002,2.3115835487138527e-06
1786,76,2002,0
1787,77,2002,0.0007326108997770195
1788,78,2002,1.185702271364175e-05
1789,79,2002,8.009127370601509e-06
1790,80,2002,0.0
1791,81,2002,0.00029082659148842865
1792,82,2002,0.0003827267189744849
1793,83,2002,0.022571652519222524
1794,84,2002,6.182496767580869e-05
1795,85,2002,0
1796,86,2002,9.929012469376616e-07
1797,87,2002,1.52160238934226e-07
1798,88,2002,0
1799,89,2002,0
1800,90,2002,0.0011410602648506882
1801,91,2002,9.720809323402155e-05
1802,92,2002,0
1803,93,2002,0
1804,94,2002,2.4716736677863614e-05
1805,0,2003,0.0014267327114810594
1806,1,2003,0.005613117128367941
1807,2,2003,0
1808,3,2003,0.01595084717148203
1809,4,2003,0.0006949325029054072
1810,5,2003,0.0009698701502342174
1811,6,2003,0.0
1812,7,2003,0.004842488619423864
1813,8,2003,0.0
1814,9,2003,0
1815,10,2003,0.0001579574012514447
1816,11,2003,0.0
1817,12,2003,0
1818,13,2003,0
1819,14,2003,0
1820,15,2003,0.0035026491255271044
1821,16,2003,0.003842780479670782
1822,17,2003,0.0008478147163641657
1823,18,2003,0.004150576949066741
1824,19,2003,0
1825,20,2003,0
1826,21,2003,0.00022109047158961066
1827,22,2003,0
1828,23,2003,0.0005467822779835592
1829,24,2003,0
1830,25,2003,0
1831,26,2003,0.00012983148385631895
1832,27,2003,0.0020137530580699465
1833,28,2003,0.0016335760150894601
1834,29,2003,0
1835,30,2003,0
1836,31,2003,0
1837,32,2003,1.586489269324115e-05
1838,33,2003,0
1839,34,2003,0.0005908818894636804
1840,35,2003,0.00024682595333651503
1841,36,2003,0.0
1842,37,2003,2.1331569649236977e-05
1843,38,2003,0
1844,39,2003,0.0008031129726750804
1845,40,2003,0
1846,41,2003,0.00010820245787727992
1847,42,2003,0
1848,43,2003,0.0
1849,44,2003,0.0
1850,45,2003,5.680290520175134e-05
1851,46,2003,0
1852,47,2003,0
1853,48,2003,5.782173071462254e-07
1854,49,2003,1.1934365873479456e-07
1855,50,2003,0.00015221099619809527
1856,51,2003,0
1857,52,2003,0
1858,53,2003,0.0
1859,54,2003,0.00014115871885233191
1860,55,2003,0.00012662760511616234
1861,56,2003,0.0001228344602837837
1862,57,2003,1.73617669534383e-05
1863,58,2003,0
1864,59,2003,1.1755682767350348e-05
1865,60,2003,0.0
1866,61,2003,6.540482426432102e-05
1867,62,2003,0.0020532701326981726
1868,63,2003,0.00018993890962488565
1869,64,2003,6.269934221537159e-06
1870,65,2003,0.0015030128169520372
1871,66,2003,0
1872,67,2003,0
1873,68,2003,0.0003758232043673715
1874,69,2003,0.0007503348319418371
1875,70,2003,0.0
1876,71,2003,7.397377068536038e-05
1877,72,2003,0.020956896198890046
1878,73,2003,0.05328270223373895
1879,74,2003,0.0039323912891008
1880,75,2003,0.0
1881,76,2003,0.0
1882,77,2003,0.00012442635727651652
1883,78,2003,3.5830731030229156e-05
1884,79,2003,0.0003055968847699323
1885,80,2003,0.0
1886,81,2003,1.879459395222484e-05
1887,82,2003,0.0022712158110032923
1888,83,2003,0.0031654823413496927
1889,84,2003,5.8040786559219924e-05
1890,85,2003,0.0
1891,86,2003,0.0
1892,87,2003,0
1893,88,2003,0.0
1894,89,2003,3.6406099785255095e-05
1895,90,2003,0.0007538334895867307
1896,91,2003,0.00021845585513565355
1897,92,2003,2.5574454808104273e-05
1898,93,2003,1.4852703414823679e-05
1899,94,2003,2.1480524750173887e-05
1900,0,2004,3.7284669727847044e-05
1901,1,2004,0.0013666704757490397
1902,2,2004,0
1903,3,2004,0
1904,4,2004,5.3793568256269966e-05
1905,5,2004,0.0001581960134079055
1906,6,2004,0
1907,7,2004,0
1908,8,2004,0.0
1909,9,2004,1.9924239526146594e-06
1910,10,2004,0.00022200184065830452
1911,11,2004,0.0
1912,12,2004,0
1913,13,2004,0
1914,14,2004,2.896241755299458e-06
1915,15,2004,0.0
1916,16,2004,0.00024664853311702993
1917,17,2004,0.0001256489061928846
1918,18,2004,9.197588440711746e-05
1919,19,2004,0
1920,20,2004,5.79985768278483e-05
1921,21,2004,1.537535023049086e-05
1922,22,2004,0
1923,23,2004,0.0011853891234377425
1924,24,2004,0
1925,25,2004,0
1926,26,2004,9.816368118868941e-05
1927,27,2004,1.905490038411143e-05
1928,28,2004,0.0
1929,29,2004,0
1930,30,2004,0
1931,31,2004,0
1932,32,2004,5.519352378737531e-06
1933,33,2004,0
1934,34,2004,0.0005519301975797279
1935,35,2004,0.0006423875846087054
1936,36,2004,2.0903220794377163e-08
1937,37,2004,0.0005175030125672932
1938,38,2004,0
1939,39,2004,0.00010517167914484888
1940,40,2004,0
1941,41,2004,0.000296423516821684
1942,42,2004,0
1943,43,2004,0.0
1944,44,2004,0
1945,45,2004,0.00015579814816037594
1946,46,2004,0
1947,47,2004,0
1948,48,2004,6.002488324005202e-06
1949,49,2004,0.0
1950,50,2004,1.663389069358449e-05
1951,51,2004,0
1952,52,2004,7.204737272307895e-05
1953,53,2004,2.0762363540887974e-05
1954,54,2004,0.0006098872665625693
1955,55,2004,0.00022958470010501909
1956,56,2004,5.101603856553409e-06
1957,57,2004,4.152404274339188e-06
1958,58,2004,3.9070005485844984e-05
1959,59,2004,0
1960,60,2004,0
1961,61,2004,0.00010922959844994849
1962,62,2004,0.00012978061342850346
1963,63,2004,0.0001098557406309226
1964,64,2004,0.0
1965,65,2004,0.0016647567144652765
1966,66,2004,0
1967,67,2004,0
1968,68,2004,0.00011128690867684425
1969,69,2004,0
1970,70,2004,1.0016526329850917e-05
1971,71,2004,4.1103534294388933e-05
1972,72,2004,0.0005260515068762548
1973,73,2004,0.0036004046165294752
1974,74,2004,0.004970074970062403
1975,75,2004,1.945343503593462e-05
1976,76,2004,0.0
1977,77,2004,0.000854384123381408
1978,78,2004,1.6484625962359952e-08
1979,79,2004,3.871947636163667e-05
1980,80,2004,0.0
1981,81,2004,8.87577825326448e-06
1982,82,2004,9.248782144495184e-05
1983,83,2004,0.00039112057114393646
1984,84,2004,0.00018849362336999606
1985,85,2004,7.530997712363829e-05
1986,86,2004,0.00028507431053531986
1987,87,2004,1.4908647709418293e-05
1988,88,2004,1.2625504251459959e-05
1989,89,2004,0
1990,90,2004,0.00023992609582120452
1991,91,2004,0.00016601929268372464
1992,92,2004,2.3099754635656142e-05
1993,93,2004,8.669648231874673e-05
1994,94,2004,0.00022952267334710267
1995,0,2005,5.566432154851318e-05
1996,1,2005,5.014711235888802e-05
1997,2,2005,0
1998,3,2005,0.0005030938965934484
1999,4,2005,6.37685975282738e-05
2000,5,2005,0.0003739894661511109
2001,6,2005,0
2002,7,2005,0.0015110144019336155
2003,8,2005,6.150978401368442e-06
2004,9,2005,0.0
2005,10,2005,0.0022122019213067137
2006,11,2005,0.0
2007,12,2005,0
2008,13,2005,0
2009,14,2005,1.1712970451527151e-05
2010,15,2005,0.00045848545852200233
2011,16,2005,0.0
2012,17,2005,0.00015276810913189909
2013,18,2005,0.004411970581601639
2014,19,2005,0
2015,20,2005,0.00023995368361566473
2016,21,2005,0.0007699536239208589
2017,22,2005,0
2018,23,2005,0.0005137765959649264
2019,24,2005,0.0
2020,25,2005,0
2021,26,2005,0.003295194797185562
2022,27,2005,0.00022046585646352986
2023,28,2005,9.032797474354137e-06
2024,29,2005,0
2025,30,2005,0.0
2026,31,2005,0
2027,32,2005,4.530095204664959e-05
2028,33,2005,0
2029,34,2005,0.0005960942628346746
2030,35,2005,0.00048673554113813405
2031,36,2005,5.0392049388118115e-05
2032,37,2005,0.0003085101563865085
2033,38,2005,0
2034,39,2005,0.0004710400507017227
2035,40,2005,0
2036,41,2005,0.003705862263867554
2037,42,2005,0
2038,43,2005,0.0
2039,44,2005,0.0
2040,45,2005,0.00022080318349828736
2041,46,2005,0
2042,47,2005,0
2043,48,2005,5.35971278238852e-06
2044,49,2005,2.5321314050954052e-05
2045,50,2005,0.00013684128342505953
2046,51,2005,0
2047,52,2005,0
2048,53,2005,0.0
2049,54,2005,9.459081902084011e-05
2050,55,2005,0.0
2051,56,2005,0.00043339212792004646
2052,57,2005,0.0
2053,58,2005,0.0
2054,59,2005,0.0
2055,60,2005,0
2056,61,2005,4.413235400574524e-05
2057,62,2005,0.0
2058,63,2005,0.0004999673317179662
2059,64,2005,1.8540564431333915e-05
2060,65,2005,0.0004555497762348399
2061,66,2005,0
2062,67,2005,0
2063,68,2005,0.006332672258929375
2064,69,2005,0.0006162257765413682
2065,70,2005,0.0
2066,71,2005,6.719870477200905e-05
2067,72,2005,0.005148789115211275
2068,73,2005,0.0010961924197918226
2069,74,2005,0.01680762883699138
2070,75,2005,5.624619267982338e-06
2071,76,2005,0.0
2072,77,2005,0
2073,78,2005,0.00018938189345380372
2074,79,2005,7.003007227064763e-05
2075,80,2005,0.0
2076,81,2005,2.407106318776917e-07
2077,82,2005,0.00017981135984147112
2078,83,2005,0.000744110912845703
2079,84,2005,0.0002797842424498121
2080,85,2005,0.0003398651523806887
2081,86,2005,0.0001959504622165403
2082,87,2005,3.8309984232921145e-05
2083,88,2005,1.9210551551993638e-06
2084,89,2005,0.0001924278075129867
2085,90,2005,0.0001083549461393869
2086,91,2005,0.00045593223741913273
2087,92,2005,2.3636791218526372e-06
2088,93,2005,0.00018281297006143802
2089,94,2005,2.916849438098072e-05
2090,0,2006,0.00016612680608970936
2091,1,2006,0.009101198278876496
2092,2,2006,0.0
2093,3,2006,0.002960952017637642
2094,4,2006,0.0020015659425740573
2095,5,2006,0.0003972910582977107
2096,6,2006,0.0
2097,7,2006,0.0006214549791129983
2098,8,2006,3.1789430728781333e-05
2099,9,2006,0
2100,10,2006,0.0036840881240283517
2101,11,2006,7.812485417318502e-05
2102,12,2006,0
2103,13,2006,0
2104,14,2006,0.0
2105,15,2006,0.00046716828046588783
2106,16,2006,0.0005822795963658835
2107,17,2006,0.0034813066020120296
2108,18,2006,0.009838911464509409
2109,19,2006,0.0
2110,20,2006,0.004102724868748579
2111,21,2006,0.005214816620291663
2112,22,2006,0
2113,23,2006,0.0033387466551905412
2114,24,2006,0
2115,25,2006,2.983233539080509e-05
2116,26,2006,0.007842214856450133
2117,27,2006,0.006517694778750041
2118,28,2006,9.621413509111974e-05
2119,29,2006,0
2120,30,2006,0
2121,31,2006,0
2122,32,2006,0.00022535822701356937
2123,33,2006,0
2124,34,2006,0.002003806104534009
2125,35,2006,0.0007704550692223881
2126,36,2006,0.00025864685793082194
2127,37,2006,0.0006140403300090375
2128,38,2006,0
2129,39,2006,0.0004375346055427259
2130,40,2006,0
2131,41,2006,0.010034735848631753
2132,42,2006,0
2133,43,2006,0.0
2134,44,2006,0
2135,45,2006,0.0016383532510023486
2136,46,2006,0.0
2137,47,2006,7.955646221594969e-05
2138,48,2006,1.1846854844520769e-05
2139,49,2006,0.0
2140,50,2006,0.00010430608310349857
2141,51,2006,0
2142,52,2006,4.334956376616526e-05
2143,53,2006,0.0
2144,54,2006,0.0005672534453235366
2145,55,2006,0.0004934363861943394
2146,56,2006,0.002447117232653834
2147,57,2006,9.269375037087447e-05
2148,58,2006,0.0
2149,59,2006,0.0
2150,60,2006,0
2151,61,2006,4.182632507812267e-05
2152,62,2006,0.00028276744159627437
2153,63,2006,0.0011256048599720776
2154,64,2006,2.6226159381375223e-05
2155,65,2006,0.0009636894228597725
2156,66,2006,0
2157,67,2006,0
2158,68,2006,0.0007795274341274173
2159,69,2006,0.0016761529857288726
2160,70,2006,1.7288893702301766e-05
2161,71,2006,0.0001323733985527443
2162,72,2006,0.001513674754956307
2163,73,2006,0.022181948759437214
2164,74,2006,0.0006255653444307771
2165,75,2006,6.19618376654689e-06
2166,76,2006,8.182021736467809e-06
2167,77,2006,0.0004582018736245011
2168,78,2006,0.0023253038426757117
2169,79,2006,3.8831895593072395e-05
2170,80,2006,8.793341109770641e-05
2171,81,2006,0.0001601673076424887
2172,82,2006,0.0013523007467793333
2173,83,2006,0.0023110581764373035
2174,84,2006,0.0002940321553661143
2175,85,2006,0.0005591524922573836
2176,86,2006,0.0014176078656638333
2177,87,2006,8.33827935518368e-05
2178,88,2006,9.564038986074786e-05
2179,89,2006,3.1089813864470595e-05
2180,90,2006,0.0005024886278514051
2181,91,2006,0.0006362276910844394
2182,92,2006,7.795436587817626e-05
2183,93,2006,0.001124929320846009
2184,94,2006,0.0008087538797128826
2185,0,2007,0.000718635330506163
2186,1,2007,0.000849712064984183
2187,2,2007,0.0
2188,3,2007,0.01635214460493774
2189,4,2007,0.000152648558196274
2190,5,2007,0.004115881340567993
2191,6,2007,0.0
2192,7,2007,0.0010391878054065971
2193,8,2007,0.0
2194,9,2007,0.00018651406062165227
2195,10,2007,0.011759484917716728
2196,11,2007,0.0
2197,12,2007,0
2198,13,2007,0
2199,14,2007,3.71352922292701e-06
2200,15,2007,0.004456127392592391
2201,16,2007,0.0012141002622865537
2202,17,2007,0.0007353053711103856
2203,18,2007,0.03779096847098672
2204,19,2007,0
2205,20,2007,0.0013335263128695888
2206,21,2007,0.0005515583392484842
2207,22,2007,0.00014613890560378578
2208,23,2007,0.0004999536621354642
2209,24,2007,0.0
2210,25,2007,0
2211,26,2007,0.01699163311504402
2212,27,2007,0.0025399035546125105
2213,28,2007,0.0
2214,29,2007,2.1780722711393157e-05
2215,30,2007,0
2216,31,2007,0
2217,32,2007,0.0010307396602760126
2218,33,2007,0
2219,34,2007,0.0020293509494657817
2220,35,2007,0.00015228640399149495
2221,36,2007,0.00028034578650655903
2222,37,2007,0.0007902298560704564
2223,38,2007,0
2224,39,2007,0.002223087927720577
2225,40,2007,0
2226,41,2007,0.005272728428386767
2227,42,2007,0
2228,43,2007,0.0
2229,44,2007,0
2230,45,2007,0.004366636450806522
2231,46,2007,0
2232,47,2007,0
2233,48,2007,1.3508028883667539e-05
2234,49,2007,0.0
2235,50,2007,5.484497432452929e-05
2236,51,2007,0
2237,52,2007,0
2238,53,2007,0.0
2239,54,2007,0.0008826059933397418
2240,55,2007,0
2241,56,2007,0.0053389354136537245
2242,57,2007,1.2715225219934415e-05
2243,58,2007,0.0
2244,59,2007,0.0
2245,60,2007,0
2246,61,2007,0.0006026079962923772
2247,62,2007,0.0
2248,63,2007,0.0005557523893141345
2249,64,2007,1.9173814184485254e-05
2250,65,2007,0.00602395495545137
2251,66,2007,1.6712658604504004e-05
2252,67,2007,0
2253,68,2007,3.336257178288255e-05
2254,69,2007,0
2255,70,2007,4.116196955503922e-05
2256,71,2007,0.00010668334119208455
2257,72,2007,0.007687963691267926
2258,73,2007,0.0492431520993834
2259,74,2007,1.994919880161742e-05
2260,75,2007,3.8595220139935326e-05
2261,76,2007,0.0
2262,77,2007,0.00011246801557386783
2263,78,2007,2.049006925134117e-05
2264,79,2007,8.55163268963467e-05
2265,80,2007,0.0
2266,81,2007,0.00041005972884237073
2267,82,2007,0.0014484209774859734
2268,83,2007,0.0004522813452383409
2269,84,2007,0.0010965025719547336
2270,85,2007,3.6851387587661025e-05
2271,86,2007,1.9512363579893678e-08
2272,87,2007,3.5317061074243794e-05
2273,88,2007,7.04837489405979e-05
2274,89,2007,6.053336425202141e-06
2275,90,2007,2.7535181251328064e-05
2276,91,2007,0.00022121236561202387
2277,92,2007,2.352143184954746e-05
2278,93,2007,5.533224263350303e-05
2279,94,2007,0.0007937546432824995
2280,0,2008,0.0011325581136153106
2281,1,2008,0.0012516461520041618
2282,2,2008,0
2283,3,2008,0
2284,4,2008,7.905104625075485e-05
2285,5,2008,0.0014283619475179501
2286,6,2008,0
2287,7,2008,0
2288,8,2008,0.0
2289,9,2008,0
2290,10,2008,0.0003734141996174774
2291,11,2008,0
2292,12,2008,0
2293,13,2008,0
2294,14,2008,0
2295,15,2008,8.739109940603e-05
2296,16,2008,0.0005034813166875516
2297,17,2008,1.4227775257265037e-05
2298,18,2008,0.0019244915739128098
2299,19,2008,0
2300,20,2008,0
2301,21,2008,2.2973057048430294e-06
2302,22,2008,0
2303,23,2008,0.014030735082472982
2304,24,2008,0
2305,25,2008,0
2306,26,2008,0.0011707449395351398
2307,27,2008,0.0018998000298165734
2308,28,2008,0.0016809286846897877
2309,29,2008,0
2310,30,2008,0
2311,31,2008,0
2312,32,2008,3.044683484609266e-05
2313,33,2008,0
2314,34,2008,0.0002986685763719646
2315,35,2008,0.004111481966026371
2316,36,2008,0.0008398723468918716
2317,37,2008,0.001174295880845981
2318,38,2008,0
2319,39,2008,0.000512017250888879
2320,40,2008,0
2321,41,2008,0.0005208553387818901
2322,42,2008,0
2323,43,2008,3.187192931403055e-05
2324,44,2008,0
2325,45,2008,0.00010834692054929133
2326,46,2008,0.0
2327,47,2008,0.0
2328,48,2008,8.052060961457838e-06
2329,49,2008,0.03656523364869259
2330,50,2008,6.271207552414878e-05
2331,51,2008,0
2332,52,2008,6.816926317407191e-05
2333,53,2008,0
2334,54,2008,0.0001982543652829306
2335,55,2008,0.0
2336,56,2008,0.0
2337,57,2008,0.0003840393176318385
2338,58,2008,0
2339,59,2008,0.0
2340,60,2008,0
2341,61,2008,0.001070593787897301
2342,62,2008,0.00019784080685263943
2343,63,2008,4.5897186099419516e-05
2344,64,2008,3.540035262813321e-06
2345,65,2008,0.007907511063539428
2346,66,2008,0
2347,67,2008,0
2348,68,2008,5.622515819843875e-05
2349,69,2008,0.00012287864053388254
2350,70,2008,0.0
2351,71,2008,0
2352,72,2008,0.005300056801566648
2353,73,2008,0.0025686395334675186
2354,74,2008,0.000878733577209318
2355,75,2008,9.150284574953232e-05
2356,76,2008,0.0
2357,77,2008,0.0006509352782996439
2358,78,2008,0.001961530819268407
2359,79,2008,7.412149569044652e-05
2360,80,2008,0.0
2361,81,2008,0.0003128576970606818
2362,82,2008,0.0
2363,83,2008,0.00031959055136406527
2364,84,2008,0.0007637893117984105
2365,85,2008,1.4091320343111185e-05
2366,86,2008,2.0725144693703456e-05
2367,87,2008,0.0002779296408514121
2368,88,2008,0.0
2369,89,2008,3.16777364800462e-05
2370,90,2008,0.0013826737575151117
2371,91,2008,0.0008611864626119687
2372,92,2008,0.000753991882713636
2373,93,2008,0.0005611274585336015
2374,94,2008,0.0031648878203255973
2375,0,2009,6.370297017904168e-06
2376,1,2009,0.0013107856700849125
2377,2,2009,0.0
2378,3,2009,0.00020634442910380746
2379,4,2009,8.172717289761166e-06
2380,5,2009,0.0004799528112133901
2381,6,2009,0
2382,7,2009,0.00010880431828906986
2383,8,2009,0.0
2384,9,2009,2.440990065713925e-05
2385,10,2009,0.0006439629236258847
2386,11,2009,0.0
2387,12,2009,0
2388,13,2009,0
2389,14,2009,1.2206329678811365e-05
2390,15,2009,0.0004972616866391733
2391,16,2009,0.00022223178089902302
2392,17,2009,3.509708038688782e-05
2393,18,2009,2.115225811105126e-05
2394,19,2009,0
2395,20,2009,0.0
2396,21,2009,0.00029034491177798525
2397,22,2009,0.0001423220925070342
2398,23,2009,0.00098429974936147
2399,24,2009,0.0
2400,25,2009,0
2401,26,2009,4.865513406660604e-05
2402,27,2009,0.00048130377395656505
2403,28,2009,0.0
2404,29,2009,0
2405,30,2009,0.0
2406,31,2009,0
2407,32,2009,4.297203038929927e-06
2408,33,2009,0
2409,34,2009,0.0027775427911415624
2410,35,2009,0.00015713795311408734
2411,36,2009,9.674396450540442e-05
2412,37,2009,6.863521766337129e-05
2413,38,2009,0
2414,39,2009,0.0005010703685316601
2415,40,2009,0.0
2416,41,2009,0.0003848298667335086
2417,42,2009,0
2418,43,2009,0.0
2419,44,2009,0
2420,45,2009,0.00010738464808570638
2421,46,2009,0.0
2422,47,2009,0
2423,48,2009,0.0005683940139414008
2424,49,2009,0.0006197897043604195
2425,50,2009,1.9034798259969245e-05
2426,51,2009,0
2427,52,2009,1.3313917536252889e-05
2428,53,2009,3.3160835886753085e-06
2429,54,2009,0.001427944036421184
2430,55,2009,0
2431,56,2009,0.0016778756201162386
2432,57,2009,0.0
2433,58,2009,8.210832122716265e-05
2434,59,2009,5.945506758052631e-05
2435,60,2009,0.0
2436,61,2009,0.0
2437,62,2009,0.000235555895880826
2438,63,2009,0.00023975417135129262
2439,64,2009,1.3575916664280661e-05
2440,65,2009,0.000849137488770448
2441,66,2009,2.1087517467134802e-05
2442,67,2009,0
2443,68,2009,9.153151841156098e-05
2444,69,2009,0
2445,70,2009,1.2697273722821751e-05
2446,71,2009,0.00012479887613320523
2447,72,2009,0.001596173929490849
2448,73,2009,0.016637431911257283
2449,74,2009,0.0009282613075269438
2450,75,2009,6.207811515682732e-05
2451,76,2009,0.0
2452,77,2009,0.0003442510802033339
2453,78,2009,0.0009761976031640317
2454,79,2009,9.763906659920535e-05
2455,80,2009,0.0
2456,81,2009,3.871090306040549e-05
2457,82,2009,0.00041288252632165216
2458,83,2009,0.0017743375659215574
2459,84,2009,0.0005246322051421743
2460,85,2009,0.0004226959151042459
2461,86,2009,0.0011116478850724675
2462,87,2009,1.6768352629415542e-05
2463,88,2009,2.570932472560013e-05
2464,89,2009,8.687582303574443e-05
2465,90,2009,0.0006753468463030543
2466,91,2009,0.0004927545422001171
2467,92,2009,8.09575286584007e-06
2468,93,2009,6.542454269425111e-05
2469,94,2009,0.0011649545709876792
2470,0,2010,4.043431683936372e-06
2471,1,2010,0.000599042537642283
2472,2,2010,0
2473,3,2010,0.00012830844031447544
2474,4,2010,6.360392098321784e-05
2475,5,2010,0.0016726346000770034
2476,6,2010,0.0
2477,7,2010,0.00046428697218350016
2478,8,2010,0.0
2479,9,2010,4.8086769382514995e-06
2480,10,2010,0.00014756925161744287
2481,11,2010,0.0
2482,12,2010,6.614590730299472e-06
2483,13,2010,0
2484,14,2010,3.393445189096019e-05
2485,15,2010,5.461224727216533e-05
2486,16,2010,0.0008024461816844429
2487,17,2010,0.0003972966804610533
2488,18,2010,0.00045938261264039137
2489,19,2010,0
2490,20,2010,2.2146604266642306e-05
2491,21,2010,0.00022319700952452265
2492,22,2010,0
2493,23,2010,0.0001577234216411057
2494,24,2010,0
2495,25,2010,0
2496,26,2010,0.002355296068942436
2497,27,2010,0.0002075575952633398
2498,28,2010,0
2499,29,2010,0
2500,30,2010,0
2501,31,2010,0
2502,32,2010,3.612515486892874e-05
2503,33,2010,0
2504,34,2010,5.096645472609569e-05
2505,35,2010,0.0022478868561716975
2506,36,2010,0.00016743139850079072
2507,37,2010,0.0006270160895507781
2508,38,2010,0
2509,39,2010,0.0005054991420191694
2510,40,2010,0
2511,41,2010,9.295358818150674e-05
2512,42,2010,0
2513,43,2010,0.0
2514,44,2010,0
2515,45,2010,0.0
2516,46,2010,0
2517,47,2010,0
2518,48,2010,9.045610148613651e-06
2519,49,2010,0.0
2520,50,2010,0.000553491562231747
2521,51,2010,0
2522,52,2010,0
2523,53,2010,0.0
2524,54,2010,0.0025165423084480562
2525,55,2010,0.00027272639050474214
2526,56,2010,0.00013519123532104068
2527,57,2010,0.0
2528,58,2010,0.0
2529,59,2010,0.0
2530,60,2010,0.0
2531,61,2010,0.00011619437067051405
2532,62,2010,0.00016186620106519673
2533,63,2010,2.909390027122633e-05
2534,64,2010,0.00017669216595644392
2535,65,2010,0.0006455063647699069
2536,66,2010,3.0606036125421635e-05
2537,67,2010,0
2538,68,2010,1.005874755074968e-05
2539,69,2010,0.00032042983246482174
2540,70,2010,0.00010166473247030814
2541,71,2010,0.00020212780080978914
2542,72,2010,0.0008297847866466355
2543,73,2010,0.0015027835835078
2544,74,2010,0.0011296293861930867
2545,75,2010,6.423499673703438e-05
2546,76,2010,0.0007265496006547123
2547,77,2010,0.0006043595557559485
2548,78,2010,6.759459607969443e-07
2549,79,2010,0.0002930416279277404
2550,80,2010,3.0296932859847247e-05
2551,81,2010,0.0002106900850569299
2552,82,2010,0.00033727384675937434
2553,83,2010,0.0012578617931419652
2554,84,2010,0.00032730916098881263
2555,85,2010,0.00011703315830867603
2556,86,2010,3.888822647147157e-05
2557,87,2010,0.000176598491646064
2558,88,2010,0.00017247752902032463
2559,89,2010,4.063173470431252e-06
2560,90,2010,0.00021343983051795985
2561,91,2010,0.0013091127194229644
2562,92,2010,5.5840111594149325e-09
2563,93,2010,0.0008970055119968661
2564,94,2010,0.0002693241157689279
2565,0,2011,3.2058014740018287e-06
2566,1,2011,0.0006332510000532042
2567,2,2011,0.0
2568,3,2011,0.0006521058487546043
2569,4,2011,2.6443572891226223e-05
2570,5,2011,0.000544171279114798
2571,6,2011,0.0
2572,7,2011,4.9368131327070176e-05
2573,8,2011,5.448213456867707e-05
2574,9,2011,0
2575,10,2011,0.0006031636821508203
2576,11,2011,0.0
2577,12,2011,0.0
2578,13,2011,0
2579,14,2011,0.00022933397761606356
2580,15,2011,0.0010256497517715441
2581,16,2011,0.0011528178776905186
2582,17,2011,0.000865381833017036
2583,18,2011,0.0023379292762246836
2584,19,2011,0
2585,20,2011,0.011727436917186829
2586,21,2011,0.0009654232695636538
2587,22,2011,0
2588,23,2011,9.956970014966473e-05
2589,24,2011,0
2590,25,2011,0
2591,26,2011,0.001712880075517198
2592,27,2011,0.0011804011833525451
2593,28,2011,0.0
2594,29,2011,0
2595,30,2011,0
2596,31,2011,0
2597,32,2011,7.193810698606337e-05
2598,33,2011,0
2599,34,2011,0.00015529868811091919
2600,35,2011,0.00043786411217107115
2601,36,2011,5.7298628851484624e-05
2602,37,2011,6.312959962105134e-07
2603,38,2011,0
2604,39,2011,0.00031455083391964517
2605,40,2011,0
2606,41,2011,0.0032665715216797448
2607,42,2011,0
2608,43,2011,2.4186641031494847e-08
2609,44,2011,0
2610,45,2011,6.978402576961551e-05
2611,46,2011,0
2612,47,2011,0
2613,48,2011,0.0002978846965483674
2614,49,2011,0
2615,50,2011,0.005829536625889371
2616,51,2011,0
2617,52,2011,0
2618,53,2011,0.0
2619,54,2011,8.74251234147208e-05
2620,55,2011,0.00031462539371259314
2621,56,2011,6.589444946619261e-05
2622,57,2011,0.0002747564256636024
2623,58,2011,1.0286098624687531e-05
2624,59,2011,0.0
2625,60,2011,0
2626,61,2011,0.0007455654987748729
2627,62,2011,1.1545667069397045e-05
2628,63,2011,7.633568578971181e-05
2629,64,2011,2.2882742304185088e-05
2630,65,2011,0.0011412884194103917
2631,66,2011,0
2632,67,2011,0
2633,68,2011,9.11685598102734e-05
2634,69,2011,0.002508846156791381
2635,70,2011,0.0
2636,71,2011,0.00016190267388742043
2637,72,2011,0.0
2638,73,2011,0.0007197245636626023
2639,74,2011,0.0006660931444857691
2640,75,2011,4.5682742116893464e-06
2641,76,2011,2.907397928692717e-06
2642,77,2011,0.003906277278321198
2643,78,2011,0.00679874789150362
2644,79,2011,3.3341980328780926e-06
2645,80,2011,0.0
2646,81,2011,4.313428176742263e-05
2647,82,2011,0.0005851264768260304
2648,83,2011,0.012757118438945416
2649,84,2011,0.004669547051965287
2650,85,2011,0.0002927598692545681
2651,86,2011,0.000511134009644977
2652,87,2011,2.139784019976709e-05
2653,88,2011,0.001445357243158727
2654,89,2011,0.0007903804205937587
2655,90,2011,0.005006056576847718
2656,91,2011,0.0014773668376056209
2657,92,2011,0.0003030475961436258
2658,93,2011,0.0007726473294538202
2659,94,2011,0.0
2660,0,2012,0.00025597529107947083
2661,1,2012,0.001959030000442396
2662,2,2012,0.0
2663,3,2012,0.002973675897955578
2664,4,2012,0.001009422292087682
2665,5,2012,0.0011818344747925524
2666,6,2012,0.0
2667,7,2012,0.0004171704807356685
2668,8,2012,0.0
2669,9,2012,0
2670,10,2012,0.0019256587551906477
2671,11,2012,8.62367211028562e-05
2672,12,2012,0.0
2673,13,2012,0
2674,14,2012,1.422390397051754e-05
2675,15,2012,0.0014607046018253452
2676,16,2012,0.005570945741627016
2677,17,2012,0.006481706472221433
2678,18,2012,0.028084396179236283
2679,19,2012,0
2680,20,2012,0
2681,21,2012,0.01617942976086757
2682,22,2012,0
2683,23,2012,0.006756757905411374
2684,24,2012,0
2685,25,2012,0
2686,26,2012,0.00488919080634036
2687,27,2012,0.0019507686774919678
2688,28,2012,0.0
2689,29,2012,0
2690,30,2012,0
2691,31,2012,0
2692,32,2012,0.00026239112364881813
2693,33,2012,0
2694,34,2012,0.0006637377140945067
2695,35,2012,0.0005043488097271635
2696,36,2012,0.00025379486624981515
2697,37,2012,0.012983311396948347
2698,38,2012,0
2699,39,2012,0.00421280271282658
2700,40,2012,0
2701,41,2012,0.0014759892036153033
2702,42,2012,0
2703,43,2012,1.9283980998468563e-05
2704,44,2012,0
2705,45,2012,0.0012637384208674426
2706,46,2012,0
2707,47,2012,0
2708,48,2012,7.301817175262296e-06
2709,49,2012,0
2710,50,2012,0.0005886825688362742
2711,51,2012,0
2712,52,2012,0
2713,53,2012,0.0
2714,54,2012,0.003983534880064713
2715,55,2012,0.007808738329751536
2716,56,2012,0.0025346229383465973
2717,57,2012,1.11547015432124e-05
2718,58,2012,2.971573812491464e-05
2719,59,2012,0.0
2720,60,2012,0
2721,61,2012,4.2590788130444056e-05
2722,62,2012,0.000232595712809982
2723,63,2012,0.00022208838287794873
2724,64,2012,0.00041201890026303995
2725,65,2012,0.0034349238072897705
2726,66,2012,0
2727,67,2012,0
2728,68,2012,6.856605034727607e-05
2729,69,2012,6.927716729104008e-05
2730,70,2012,0.0
2731,71,2012,3.832632080037682e-05
2732,72,2012,0.0
2733,73,2012,0.001429956311229889
2734,74,2012,0.0026295385540715133
2735,75,2012,0.0
2736,76,2012,5.42437248155543e-06
2737,77,2012,0.0005789232206829503
2738,78,2012,2.0613211821656482e-05
2739,79,2012,4.5586345183464955e-05
2740,80,2012,0.0
2741,81,2012,1.1521350663047716e-05
2742,82,2012,7.687707471489088e-05
2743,83,2012,0.005769540395818858
2744,84,2012,0.0004857412692900525
2745,85,2012,0.0005536047895212922
2746,86,2012,0.0002730395659820898
2747,87,2012,0
2748,88,2012,8.250708547340755e-05
2749,89,2012,4.693383793754697e-05
2750,90,2012,3.808891113465277e-05
2751,91,2012,0.00021110732218237302
2752,92,2012,0
2753,93,2012,2.62250408566538e-05
2754,94,2012,0.00024556332906102097
2755,0,2013,0
2756,1,2013,0.000220589882350278
2757,2,2013,0.0
2758,3,2013,0.0014440499829622086
2759,4,2013,5.544736290058928e-06
2760,5,2013,0.0011539447275854548
2761,6,2013,0
2762,7,2013,0.0013727825474857936
2763,8,2013,1.2253773319328776e-05
2764,9,2013,8.537274816608359e-05
2765,10,2013,0.0010447313008836885
2766,11,2013,0
2767,12,2013,0
2768,13,2013,0
2769,14,2013,6.4741836077634724e-06
2770,15,2013,0.00027132356933011774
2771,16,2013,0.0028717105719330903
2772,17,2013,0.0
2773,18,2013,0.01738278925957877
2774,19,2013,0
2775,20,2013,0.0
2776,21,2013,0.00020843575215300812
2777,22,2013,0.0
2778,23,2013,0.0036718865297628795
2779,24,2013,0.0014131360069605983
2780,25,2013,0
2781,26,2013,0.0013832702009284217
2782,27,2013,0.001982169265132032
2783,28,2013,0.0
2784,29,2013,0.0
2785,30,2013,0
2786,31,2013,0
2787,32,2013,0
2788,33,2013,0
2789,34,2013,0.000267404921622999
2790,35,2013,0.0004505761256673234
2791,36,2013,8.595394709031685e-07
2792,37,2013,0
2793,38,2013,0
2794,39,2013,0.0001790725886206378
2795,40,2013,0
2796,41,2013,0.0011578209609177665
2797,42,2013,0
2798,43,2013,0.0
2799,44,2013,0
2800,45,2013,0.0005649944562403342
2801,46,2013,0
2802,47,2013,0
2803,48,2013,0.0
2804,49,2013,0.0004940328315114634
2805,50,2013,0.005271514702145797
2806,51,2013,0
2807,52,2013,0
2808,53,2013,0.0
2809,54,2013,0.00015692568689796476
2810,55,2013,1.9729854155998227e-05
2811,56,2013,0.0007617706916874169
2812,57,2013,6.731336731948236e-05
2813,58,2013,1.804312095589656e-05
2814,59,2013,0.0
2815,60,2013,0
2816,61,2013,0
2817,62,2013,0.0
2818,63,2013,3.7800501135739586e-05
2819,64,2013,5.7034690977824684e-05
2820,65,2013,0.011774261037661543
2821,66,2013,0.0
2822,67,2013,0
2823,68,2013,0.00045184683148994254
2824,69,2013,0.0014814636074555146
2825,70,2013,1.24108307621805e-06
2826,71,2013,5.4257262217000995e-06
2827,72,2013,0.003732787809246371
2828,73,2013,0.010168425351144943
2829,74,2013,0.0015298599802948056
2830,75,2013,3.084171008363667e-05
2831,76,2013,7.396320509599723e-05
2832,77,2013,0.0
2833,78,2013,0
2834,79,2013,1.188335502483042e-05
2835,80,2013,0.0
2836,81,2013,0.0003063920432594059
2837,82,2013,0.00018771144868190128
2838,83,2013,0.005051446933038775
2839,84,2013,2.0330995123896866e-05
2840,85,2013,0.0
2841,86,2013,7.26470525458089e-05
2842,87,2013,3.5617937188017534e-05
2843,88,2013,5.53341191739467e-05
2844,89,2013,5.55730948239944e-06
2845,90,2013,2.776272481527332e-05
2846,91,2013,0.0008684025430716984
2847,92,2013,0
2848,93,2013,0.0003864963720967743
2849,94,2013,0.0005699964761309239
2850,0,2014,0.001059818358588545
2851,1,2014,0.006164282551090947
2852,2,2014,0
2853,3,2014,0.0
2854,4,2014,6.517568912212458e-05
2855,5,2014,0.0033501636065159366
2856,6,2014,0.0
2857,7,2014,0.00023765777102075492
2858,8,2014,0.0
2859,9,2014,0
2860,10,2014,0.006724076486621937
2861,11,2014,0
2862,12,2014,0
2863,13,2014,0
2864,14,2014,0
2865,15,2014,0.0
2866,16,2014,0.002242876320605647
2867,17,2014,2.9921389527732688e-05
2868,18,2014,0.0012701903212989838
2869,19,2014,0
2870,20,2014,0
2871,21,2014,0.0023929643177788198
2872,22,2014,0
2873,23,2014,0.01031314734989831
2874,24,2014,0
2875,25,2014,0
2876,26,2014,3.322199659031989e-05
2877,27,2014,7.032211127453656e-05
2878,28,2014,0.000622551453623058
2879,29,2014,0
2880,30,2014,0
2881,31,2014,0
2882,32,2014,7.259749226373706e-06
2883,33,2014,0
2884,34,2014,0.0003607140941040752
2885,35,2014,0.0009689279146554079
2886,36,2014,6.964572169503949e-05
2887,37,2014,0.00476453219827563
2888,38,2014,0
2889,39,2014,7.602208962947681e-05
2890,40,2014,0
2891,41,2014,0.0001931883298380304
2892,42,2014,0
2893,43,2014,0.0
2894,44,2014,0
2895,45,2014,0.0004895771474133058
2896,46,2014,0
2897,47,2014,0
2898,48,2014,5.004227395094898e-05
2899,49,2014,2.4716774323332536e-05
2900,50,2014,0.000187386572652204
2901,51,2014,0
2902,52,2014,0
2903,53,2014,0.0
2904,54,2014,0.0002684373983578634
2905,55,2014,0
2906,56,2014,0.00017810493466837362
2907,57,2014,0.0
2908,58,2014,1.0989429388871244e-06
2909,59,2014,0.0
2910,60,2014,0
2911,61,2014,1.1709680840430454e-05
2912,62,2014,0.0
2913,63,2014,0.00016010449406167978
2914,64,2014,0.00012627108020427482
2915,65,2014,0.0062226715964037475
2916,66,2014,0.0
2917,67,2014,0
2918,68,2014,0.0
2919,69,2014,0
2920,70,2014,8.695886584369056e-06
2921,71,2014,1.6294694979833794e-05
2922,72,2014,0.0038072198762642436
2923,73,2014,0.00034667907272873056
2924,74,2014,0.0022428961241982596
2925,75,2014,0.0001281118187271213
2926,76,2014,0.00011405561922133873
2927,77,2014,0.0
2928,78,2014,6.458685469669699e-06
2929,79,2014,3.3312451278328646e-05
2930,80,2014,0.0
2931,81,2014,0.0005606402249582617
2932,82,2014,0.0005887538678428682
2933,83,2014,0.0017614108948846047
2934,84,2014,0.00027478018605892973
2935,85,2014,0.00013060546955973918
2936,86,2014,6.268110050320961e-05
2937,87,2014,0.0008895289760149155
2938,88,2014,7.040188468440702e-06
2939,89,2014,0.0
2940,90,2014,8.726572045535337e-05
2941,91,2014,0.00037001951468704366
2942,92,2014,3.476655669729916e-06
2943,93,2014,0.00039584297783684295
2944,94,2014,2.608886559214709e-07
2945,0,2015,0.028799970550044334
2946,1,2015,0.007463153062465097
2947,2,2015,0.0
2948,3,2015,0.011825450079694716
2949,4,2015,0.0001311044459380724
2950,5,2015,0.0028717871429494767
2951,6,2015,0
2952,7,2015,0.0069480882450208645
2953,8,2015,0.00015513032765992414
2954,9,2015,0.00015651176155550195
2955,10,2015,0.007385952777891421
2956,11,2015,0.0
2957,12,2015,0.0
2958,13,2015,0
2959,14,2015,1.3995329450954824e-05
2960,15,2015,0.00034221705455946065
2961,16,2015,0.00378530312440292
2962,17,2015,0.0001873525532466207
2963,18,2015,0.007960539479737686
2964,19,2015,0
2965,20,2015,0.0
2966,21,2015,0.00010028272277642839
2967,22,2015,0.0
2968,23,2015,0.011934121762644564
2969,24,2015,0.0001304973445866976
2970,25,2015,0
2971,26,2015,0.001786897001042731
2972,27,2015,0.00010647156394043831
2973,28,2015,0.0002640982989890851
2974,29,2015,0
2975,30,2015,0
2976,31,2015,0
2977,32,2015,5.413651373961661e-05
2978,33,2015,0
2979,34,2015,0.001534556180855345
2980,35,2015,0.0036767971745948706
2981,36,2015,1.0907189595705459e-05
2982,37,2015,0.0010668207288797805
2983,38,2015,0
2984,39,2015,6.75382475429649e-05
2985,40,2015,0
2986,41,2015,3.7257642831225675e-05
2987,42,2015,0
2988,43,2015,3.643555399423361e-05
2989,44,2015,0
2990,45,2015,0.0002749938255507495
2991,46,2015,0
2992,47,2015,0
2993,48,2015,6.502537144172351e-05
2994,49,2015,0.00038550766935920684
2995,50,2015,0.0
2996,51,2015,0
2997,52,2015,1.3110159316927418e-05
2998,53,2015,0.0
2999,54,2015,6.686108228864874e-05
3000,55,2015,6.989434813522156e-06
3001,56,2015,0.0
3002,57,2015,0
3003,58,2015,7.402587454945679e-07
3004,59,2015,5.114696354848003e-07
3005,60,2015,0
3006,61,2015,8.846742014353925e-05
3007,62,2015,0
3008,63,2015,7.51621586888961e-05
3009,64,2015,4.630388811479705e-05
3010,65,2015,0.0077385832702002175
3011,66,2015,0
3012,67,2015,0
3013,68,2015,5.386944488103374e-05
3014,69,2015,3.988814368268458e-06
3015,70,2015,0.0
3016,71,2015,1.7239242359049464e-05
3017,72,2015,0.00016840026381218
3018,73,2015,0.001973835591757069
3019,74,2015,0.0020493400243969074
3020,75,2015,4.358094391990648e-05
3021,76,2015,6.926495263448427e-06
3022,77,2015,0.0
3023,78,2015,1.4526620813435926e-06
3024,79,2015,1.4358757527362283e-06
3025,80,2015,0.0
3026,81,2015,0.00012396680737634873
3027,82,2015,1.2018176929820063e-05
3028,83,2015,0.0003946654087381106
3029,84,2015,0.00010996342974914517
3030,85,2015,6.63691561448995e-05
3031,86,2015,1.204397504244125e-05
3032,87,2015,0.0001306397749743634
3033,88,2015,7.513929459268499e-05
3034,89,2015,5.788888059293793e-05
3035,90,2015,8.630574231660228e-05
3036,91,2015,0.00041813222469416
3037,92,2015,0.00027058489161559015
3038,93,2015,0.0001523785497953409
3039,94,2015,0.000217484271089102
3040,0,2016,0.000300508005082151
3041,1,2016,0.00012452165538752598
3042,2,2016,0.0
3043,3,2016,0.0011585050215973526
3044,4,2016,2.341343035471525e-05
3045,5,2016,0.0024259233211279445
3046,6,2016,0
3047,7,2016,0.0012489844841262626
3048,8,2016,0.000146860211548994
3049,9,2016,0
3050,10,2016,0.001402035395486438
3051,11,2016,0
3052,12,2016,4.8542266199311675e-05
3053,13,2016,0
3054,14,2016,0.0
3055,15,2016,0.00014054640952177965
3056,16,2016,0.0002197080730398545
3057,17,2016,0.00039029963916835386
3058,18,2016,0.008671321717696006
3059,19,2016,0
3060,20,2016,9.971920002919988e-05
3061,21,2016,0.0014974078133201043
3062,22,2016,0.0
3063,23,2016,0.0010263491943372
3064,24,2016,0.00013090260065742805
3065,25,2016,0
3066,26,2016,0.0013705912475466195
3067,27,2016,0.002673508241435184
3068,28,2016,0.0
3069,29,2016,0
3070,30,2016,0.0
3071,31,2016,0
3072,32,2016,3.620383921151522e-05
3073,33,2016,0
3074,34,2016,0.0006257338800890024
3075,35,2016,0.0019809309811270265
3076,36,2016,4.5937660895064496e-06
3077,37,2016,0.000162624054172876
3078,38,2016,0
3079,39,2016,0.002771662225398155
3080,40,2016,0
3081,41,2016,0.0007464028418167476
3082,42,2016,0
3083,43,2016,4.735681001553172e-06
3084,44,2016,0
3085,45,2016,0.000653637890006024
3086,46,2016,0
3087,47,2016,0
3088,48,2016,0.0004137990699938393
3089,49,2016,0.016083400165231267
3090,50,2016,0.00013169369855924886
3091,51,2016,0
3092,52,2016,0.00032628480354167806
3093,53,2016,2.650566073833198e-06
3094,54,2016,0.0011679778727706086
3095,55,2016,0.0021817895866971973
3096,56,2016,0.0001691317216313614
3097,57,2016,4.392808489527356e-05
3098,58,2016,3.759141675820148e-07
3099,59,2016,0.0
3100,60,2016,0.0
3101,61,2016,0.0004145599014134232
3102,62,2016,1.8411433956873396e-05
3103,63,2016,0.00024432177512404544
3104,64,2016,1.54265301573619e-05
3105,65,2016,0.0037143566294902592
3106,66,2016,8.807247796901529e-07
3107,67,2016,0
3108,68,2016,0.00014631927536956816
3109,69,2016,0.0019476612628374795
3110,70,2016,0.0
3111,71,2016,9.810972880892533e-06
3112,72,2016,0.0028638643491011935
3113,73,2016,0.005127878051144149
3114,74,2016,0.003874251550100473
3115,75,2016,3.060543595837546e-05
3116,76,2016,4.434152057330669e-05
3117,77,2016,0.00039423906280887453
3118,78,2016,0.0002765111870918253
3119,79,2016,1.0658746228146707e-06
3120,80,2016,0.0
3121,81,2016,0.0009339702006417566
3122,82,2016,5.375225957747261e-05
3123,83,2016,0.001865473836902657
3124,84,2016,0.00013992094798686569
3125,85,2016,8.957131819910753e-05
3126,86,2016,4.8146050387869925e-05
3127,87,2016,0.00017755723657749287
3128,88,2016,1.547538321479821e-06
3129,89,2016,0.0
3130,90,2016,0.00011126045527348657
3131,91,2016,0.00036740738841243556
3132,92,2016,8.56222680265005e-06
3133,93,2016,0.0
3134,94,2016,0.00035332796416863936
3135,0,2017,0.0006877371236003009
3136,1,2017,0.012093008256686657
3137,2,2017,0.0
3138,3,2017,0.010794308994316848
3139,4,2017,0.0014924698266926752
3140,5,2017,0.0006152879895933495
3141,6,2017,0.0
3142,7,2017,0.008276608656294825
3143,8,2017,0.00022664373768988444
3144,9,2017,0
3145,10,2017,0.0011331129438898661
3146,11,2017,0.0
3147,12,2017,0
3148,13,2017,0
3149,14,2017,0
3150,15,2017,0.006609033278996233
3151,16,2017,0.0017810333057842007
3152,17,2017,0.0010109692166088192
3153,18,2017,0.007601070267878391
3154,19,2017,0
3155,20,2017,0
3156,21,2017,0.0029123884278663996
3157,22,2017,0
3158,23,2017,0.014989937294248436
3159,24,2017,0
3160,25,2017,0
3161,26,2017,0.0013877240517009442
3162,27,2017,3.188777907978739e-05
3163,28,2017,0.009480059990894631
3164,29,2017,0
3165,30,2017,0
3166,31,2017,0
3167,32,2017,3.332865908367485e-05
3168,33,2017,0
3169,34,2017,0.001001690309997535
3170,35,2017,0.0049553756661959054
3171,36,2017,0.0004009004802721361
3172,37,2017,0.0032618806999246746
3173,38,2017,0
3174,39,2017,0.0004193905194953962
3175,40,2017,0
3176,41,2017,0.001966990752345241
3177,42,2017,0.0
3178,43,2017,0.0
3179,44,2017,0.0
3180,45,2017,0.0011100350560127507
3181,46,2017,0
3182,47,2017,0
3183,48,2017,0.0006338300856549448
3184,49,2017,0.00010969029641249716
3185,50,2017,0.00022527059127317806
3186,51,2017,0
3187,52,2017,0
3188,53,2017,3.2207123107833804e-07
3189,54,2017,0.003902613402598403
3190,55,2017,0.0001847497405025563
3191,56,2017,0.0002742001920142952
3192,57,2017,2.0624710706605367e-05
3193,58,2017,0.0
3194,59,2017,0.0
3195,60,2017,0
3196,61,2017,7.621510707030816e-05
3197,62,2017,0.0
3198,63,2017,5.289095380604501e-05
3199,64,2017,9.603536241474e-06
3200,65,2017,0.003543933468069367
3201,66,2017,0
3202,67,2017,0
3203,68,2017,1.73484194956886e-05
3204,69,2017,0.0
3205,70,2017,0.0
3206,71,2017,9.852031014077677e-06
3207,72,2017,0.017876916967821455
3208,73,2017,0.01136259583431165
3209,74,2017,0.0022144561051952263
3210,75,2017,6.711484883241754e-06
3211,76,2017,4.207938041621597e-06
3212,77,2017,0.0
3213,78,2017,0.0003328448741152312
3214,79,2017,0.0
3215,80,2017,0.0
3216,81,2017,8.241111390501042e-05
3217,82,2017,5.9461370248500525e-05
3218,83,2017,0.0006881400102504833
3219,84,2017,0.0003538584250136513
3220,85,2017,7.841011666197319e-06
3221,86,2017,1.7280605961783877e-06
3222,87,2017,2.2806898557783486e-05
3223,88,2017,0.0
3224,89,2017,0.00010825200374238388
3225,90,2017,0.00038904212864143933
3226,91,2017,0.0003537353359865803
3227,92,2017,8.398400340270302e-06
3228,93,2017,4.7570732820160276e-06
3229,94,2017,0.0018499560374885728
